Date,Open,High,Low,Close,Adj Close,Volume
8/17/2015,45.720001,45.990002,45.490002,45.790001,38.665226,9159700
8/18/2015,45.639999,45.759998,45.490002,45.68,38.572346,11741300
8/19/2015,45.57,46.009998,45.330002,45.869999,38.73278,9245600
8/20/2015,45.68,46.139999,45.439999,45.599998,38.504799,12776000
8/21/2015,45.450001,45.650002,45.02,45.049999,38.040379,18747400
8/24/2015,44.16,44.57,43.150002,43.360001,36.613331,35100500
8/25/2015,43.900002,44.18,41.990002,42.029999,35.490269,28632700
8/26/2015,42.32,42.880001,41.970001,42.779999,36.123566,21869900
8/27/2015,43.02,43.299999,42.689999,43.279999,36.545776,17045500
8/28/2015,43.220001,43.349998,42.560001,43.150002,36.436001,9680700
8/31/2015,43.09,43.09,42.110001,42.459999,35.853363,12078400
9/1/2015,42,42.080002,41.080002,41.310001,34.882301,19406200
9/2/2015,41.599998,41.73,40.990002,41.34,34.907627,9121700
9/3/2015,41.25,41.740002,41.25,41.529999,35.068062,8585200
9/4/2015,41.200001,41.290001,40.799999,40.959999,34.58675,13429600
9/8/2015,41.34,41.830002,41.299999,41.830002,35.321381,11206900
9/9/2015,41.93,42.049999,41.23,41.310001,34.882301,11542500
9/10/2015,41.290001,41.650002,41.119999,41.240002,34.823193,6766400
9/11/2015,41.189999,41.57,41,41.549999,35.084949,7477900
9/14/2015,41.700001,41.93,41.560001,41.650002,35.169392,8372600
9/15/2015,41.700001,41.970001,41.439999,41.869999,35.355167,6579100
9/16/2015,41.990002,42.419998,41.849998,42.290001,35.709816,8619800
9/17/2015,42.169998,43.419998,42.169998,42.869999,36.199566,22723100
9/18/2015,42.290001,42.720001,42.130001,42.23,35.995842,14358700
9/21/2015,42.200001,42.619999,42.200001,42.400002,36.140759,8770900
9/22/2015,42.209999,42.389999,41.75,41.869999,35.688995,10972200
9/23/2015,41.880001,42.080002,41.73,41.98,35.782757,5266500
9/24/2015,41.970001,42.400002,41.830002,42.32,36.072567,11326000
9/25/2015,42.400002,43.150002,42.200001,42.73,36.422043,9505000
9/28/2015,42.73,42.990002,42.439999,42.52,36.243038,9507000
9/29/2015,42.599998,42.779999,42.360001,42.529999,36.25156,8681400
9/30/2015,42.619999,43.34,42.610001,43.290001,36.899372,9638000
10/1/2015,43.389999,43.450001,42.459999,42.779999,36.464653,15646000
10/2/2015,43.099998,43.349998,42.709999,43.349998,36.950508,13198400
10/5/2015,43.470001,43.98,43.310001,43.91,37.427834,12011200
10/6/2015,43.82,43.950001,43.34,43.610001,37.172131,11521900
10/7/2015,43.66,43.75,43.389999,43.459999,37.04427,9528400
10/8/2015,43.43,44.07,43.299999,44,37.504555,10530400
10/9/2015,43.990002,44.029999,43.650002,43.790001,37.32555,13095100
10/12/2015,43.950001,44.439999,43.799999,44.18,37.65799,7493000
10/13/2015,44.139999,44.330002,43.990002,44.080002,37.572746,9573400
10/14/2015,44.279999,44.400002,44.009998,44.07,37.56422,7845500
10/15/2015,44.240002,44.799999,44.029999,44.720001,38.118259,8284100
10/16/2015,44.759998,45.060001,44.639999,44.779999,38.169411,9408700
10/19/2015,44.740002,44.830002,44.360001,44.810001,38.194981,10216200
10/20/2015,44.669998,45.150002,44.639999,44.959999,38.322838,9763100
10/21/2015,45.09,45.330002,44.84,44.869999,38.246117,8411000
10/22/2015,45.060001,45.52,44.900002,45.389999,38.689354,13110000
10/23/2015,45.349998,45.369999,44.560001,44.59,38.007458,12585200
10/26/2015,44.689999,44.720001,44.080002,44.43,37.871075,11113500
10/27/2015,44.389999,44.490002,44.130001,44.27,37.734688,8496200
10/28/2015,44.279999,44.450001,43.310001,43.799999,37.33408,17421100
10/29/2015,43.580002,43.720001,42.970001,43.549999,37.120983,16289800
10/30/2015,43.599998,43.919998,43.439999,43.75,37.291462,11631700
11/2/2015,43.720001,43.889999,43.459999,43.799999,37.33408,17436800
11/3/2015,43.639999,43.98,43.52,43.93,37.444881,12433200
11/4/2015,43.880001,44.299999,43.880001,44.16,37.640934,10718900
11/5/2015,44.07,44.200001,43.779999,43.779999,37.317028,13762900
11/6/2015,43.07,43.169998,41.889999,42.25,36.012894,32359000
11/9/2015,42.060001,42.560001,41.970001,42.360001,36.106659,13333300
11/10/2015,42.380001,42.869999,42.299999,42.740002,36.430557,8504600
11/11/2015,42.860001,43.189999,42.77,43.110001,36.745945,10973400
11/12/2015,43,43.41,42.669998,42.700001,36.396477,8839600
11/13/2015,42.75,43.049999,42.41,42.540001,36.260078,9516400
11/16/2015,42.619999,43.27,42.470001,43.259998,36.873798,9175600
11/17/2015,43.240002,43.5,42.360001,42.48,36.208946,13494000
11/18/2015,42.509998,42.84,42.130001,42.75,36.439083,15462500
11/19/2015,42.849998,43.299999,42.810001,43.209999,36.831177,12364800
11/20/2015,43.279999,43.700001,43.200001,43.389999,36.984608,12520000
11/23/2015,43.439999,43.490002,42.919998,42.990002,36.643658,11897000
11/24/2015,42.799999,42.990002,42.59,42.93,36.59251,8791700
11/25/2015,42.919998,42.919998,42.509998,42.669998,36.370888,7678200
11/27/2015,42.790001,42.950001,42.689999,42.75,36.439083,3980300
11/30/2015,42.799999,43.130001,42.73,42.82,36.498756,11373000
12/1/2015,42.919998,43.25,42.75,43.16,36.788555,12551500
12/2/2015,42.990002,43.099998,42.189999,42.200001,35.970276,12566100
12/3/2015,42.130001,42.139999,41.740002,41.880001,35.697517,14879200
12/4/2015,42.029999,42.529999,41.900002,42.470001,36.200428,10961500
12/7/2015,42.369999,42.68,42.169998,42.66,36.362362,13515100
12/8/2015,42.490002,42.66,42.259998,42.599998,36.311222,10637900
12/9/2015,42.41,43.060001,42.27,42.610001,36.319752,10675800
12/10/2015,42.549999,42.630001,41.869999,41.91,35.723095,9683600
12/11/2015,41.810001,42.130001,41.5,41.790001,35.6208,14352700
12/14/2015,41.950001,42.009998,41.509998,42,35.799809,16404600
12/15/2015,42.060001,42.59,42.040001,42.330002,36.081089,10110900
12/16/2015,42.490002,43.470001,42.360001,43.400002,36.993141,18300500
12/17/2015,43.48,43.73,43.16,43.490002,37.069855,13161700
12/18/2015,42.990002,43.040001,42.18,42.509998,36.6091,18407200
12/21/2015,42.610001,42.779999,42.259998,42.48,36.583271,9031500
12/22/2015,42.599998,42.950001,42.209999,42.84,36.893307,8125800
12/23/2015,42.91,43.599998,42.849998,43.5,37.461689,8581700
12/24/2015,43.349998,43.599998,43.349998,43.470001,37.435844,2715800
12/28/2015,43.209999,43.610001,43.209999,43.549999,37.504742,5036500
12/29/2015,43.759998,43.939999,43.68,43.790001,37.711422,9223900
12/30/2015,43.82,43.939999,43.66,43.75,37.676979,7831500
12/31/2015,43.68,43.799999,42.889999,43.279999,37.272209,10431700
1/4/2016,43.029999,43.200001,42.669998,43.189999,37.194717,14846700
1/5/2016,43.169998,43.610001,42.560001,43.5,37.461689,10948000
1/6/2016,43.240002,43.599998,43.07,43.419998,37.39278,12718800
1/7/2016,42.950001,43.349998,42.869999,43.130001,37.143047,12273700
1/8/2016,43.16,43.459999,43.029999,43.110001,37.125824,11680800
1/11/2016,43.139999,43.540001,43.119999,43.34,37.323887,16389600
1/12/2016,43.369999,43.5,42.830002,43.169998,37.177479,14360100
1/13/2016,43.330002,43.52,43.02,43.150002,37.160271,17478900
1/14/2016,43.139999,44.049999,43,43.799999,37.720039,23083000
1/15/2016,43.360001,43.68,42.889999,43.41,37.384178,18939100
1/19/2016,43.639999,44.18,43.470001,44.060001,37.943947,17884600
1/20/2016,43.880001,43.950001,42.450001,43.07,37.091377,19900100
1/21/2016,43.200001,43.360001,42.650002,43.029999,37.056923,14087900
1/22/2016,43.290001,43.830002,43.080002,43.799999,37.720039,15060500
1/25/2016,43.779999,43.889999,43.27,43.43,37.401398,13521400
1/26/2016,43.529999,44.16,43.529999,43.73,37.659752,11459600
1/27/2016,43.650002,44.150002,43.459999,43.830002,37.745872,13731900
1/28/2016,43.77,44.82,43.529999,44.529999,38.348701,15563900
1/29/2016,44.82,45.459999,44.82,45.419998,39.11517,17940400
2/1/2016,45.209999,46.060001,45.18,45.849998,39.48547,29610900
2/2/2016,45.68,46.099998,45.459999,46.049999,39.657711,15970100
2/3/2016,46.209999,46.830002,46.200001,46.619999,40.14859,32952400
2/4/2016,46.580002,46.830002,46.299999,46.419998,39.976345,27602600
2/5/2016,46.150002,46.75,45.740002,46.57,40.105534,27386300
2/8/2016,46.470001,47,45.98,46.41,39.967747,29012400
2/9/2016,46.25,46.75,46.139999,46.57,40.105534,22620900
2/10/2016,46.459999,46.77,45.720001,46.52,40.062473,25920600
2/11/2016,46.23,46.610001,45.68,45.700001,39.356297,25390000
2/12/2016,45.669998,45.93,45.189999,45.560001,39.235729,21018700
2/16/2016,45.790001,45.950001,45.369999,45.849998,39.48547,14638600
2/17/2016,46,46,45.459999,45.759998,39.407963,19080300
2/18/2016,45.669998,46.669998,45.630001,46.509998,40.05386,18884300
2/19/2016,46.310001,46.439999,45.900002,46.200001,39.786892,17020100
2/22/2016,46.450001,46.740002,46.189999,46.740002,40.251934,12436600
2/23/2016,46.59,46.889999,46.380001,46.779999,40.286381,11788800
2/24/2016,46.779999,47.09,46.580002,47,40.475838,16750900
2/25/2016,47.150002,47.48,47.009998,47.48,40.889202,12161900
2/26/2016,47.209999,47.32,46.16,46.169998,39.761055,32953600
2/29/2016,46.099998,46.740002,46.060001,46.299999,39.873009,20137800
3/1/2016,46.540001,46.650002,45.779999,46.07,39.674938,23641700
3/2/2016,45.950001,46.330002,45.080002,46.310001,39.881618,30224200
3/3/2016,46.380001,46.59,45.759998,46.59,40.122749,21274100
3/4/2016,46.290001,47.259998,46.18,47.110001,40.570564,22128400
3/7/2016,47.029999,47.470001,46.880001,47.369999,40.794479,18492800
3/8/2016,47.459999,47.880001,47.209999,47.84,41.199238,16374800
3/9/2016,47.740002,48.209999,47.700001,48.060001,41.388706,14256600
3/10/2016,48.040001,48.259998,47.639999,48.099998,41.423149,19471400
3/11/2016,48.330002,48.450001,48.049999,48.150002,41.466202,15695400
3/14/2016,48.139999,48.299999,47.939999,48.209999,41.517879,11724800
3/15/2016,48.16,48.459999,48.099998,48.299999,41.595379,13737000
3/16/2016,48.119999,49.040001,47.799999,49.040001,42.23267,27868200
3/17/2016,48.849998,49.419998,48.669998,49.310001,42.465183,17534900
3/18/2016,48.939999,49.09,48.610001,48.630001,42.194473,16990700
3/21/2016,48.48,48.82,48.110001,48.580002,42.151096,15743200
3/22/2016,48.52,48.779999,48.360001,48.419998,42.01226,11457400
3/23/2016,48.419998,48.970001,48.200001,48.779999,42.324619,15239600
3/24/2016,48.759998,48.98,48.619999,48.91,42.437424,15073500
3/28/2016,48.990002,49.25,48.630001,48.73,42.281235,11244600
3/29/2016,48.880001,49.490002,48.689999,49.450001,42.905964,17553600
3/30/2016,49.450001,49.560001,49.150002,49.330002,42.801838,14516900
3/31/2016,49.400002,49.669998,49.220001,49.619999,43.053463,14703400
4/1/2016,49.419998,49.880001,49.259998,49.810001,43.218315,17872600
4/4/2016,49.82,49.880001,49.349998,49.599998,43.036102,15286100
4/5/2016,49.490002,49.57,48.630001,48.669998,42.229183,18658400
4/6/2016,48.599998,48.68,48.310001,48.610001,42.177124,20294500
4/7/2016,48.540001,48.91,48.459999,48.59,42.159767,15280200
4/8/2016,48.740002,49.169998,48.689999,48.849998,42.385361,16436900
4/11/2016,48.849998,49.16,48.599998,48.639999,42.203148,11125000
4/12/2016,48.650002,49.040001,48.57,48.98,42.498158,13427200
4/13/2016,49.119999,49.119999,48.419998,48.68,42.237862,13320500
4/14/2016,48.560001,48.790001,48.459999,48.619999,42.185802,12090800
4/15/2016,48.720001,49,48.549999,48.889999,42.420067,10962900
4/18/2016,48.860001,49.080002,48.529999,49.080002,42.584919,9124000
4/19/2016,49.130001,49.23,48.84,49.16,42.654331,10495400
4/20/2016,49.200001,49.259998,47.900002,47.93,41.587101,26068700
4/21/2016,47.75,47.880001,46.73,46.93,40.719448,32065700
4/22/2016,47.060001,47.41,47.029999,47.349998,41.08387,12309000
4/25/2016,47.150002,47.450001,47.119999,47.439999,41.161949,12742900
4/26/2016,47.470001,47.709999,47.380001,47.509998,41.222687,13021500
4/27/2016,47.650002,48.48,47.5,48.200001,41.821384,24559200
4/28/2016,47.779999,48.25,47.5,48.130001,41.760643,20158000
4/29/2016,47.93,48.470001,47.57,48.419998,42.01226,20177200
5/2/2016,48.450001,49.049999,48.389999,48.810001,42.350651,16366600
5/3/2016,48.77,49.029999,48.5,48.77,42.315948,15746700
5/4/2016,48.790001,49.650002,48.639999,49.34,42.810524,17603900
5/5/2016,49.200001,49.75,48.970001,49.150002,42.645657,15826500
5/6/2016,48.91,49.080002,48.389999,48.830002,42.368011,20053600
5/9/2016,48.860001,49.18,48.759998,49.110001,42.61095,11231800
5/10/2016,49.16,49.34,48.98,49.16,42.654331,13257900
5/11/2016,49.169998,49.380001,48.900002,49.34,42.810524,12173900
5/12/2016,49.259998,49.709999,49.080002,49.630001,43.062134,17727700
5/13/2016,49.5,49.610001,49.150002,49.389999,42.853897,12626600
5/16/2016,49.220001,49.459999,49.040001,49.450001,42.905964,11087100
5/17/2016,49.290001,49.41,48.349998,48.610001,42.177124,17533000
5/18/2016,48.330002,48.709999,47.540001,47.700001,41.387543,27256500
5/19/2016,47.52,48.189999,47.25,48.18,41.804024,19582800
5/20/2016,48.290001,48.349998,47.919998,48.290001,41.899467,15185700
5/23/2016,48.279999,48.400002,47.799999,47.860001,41.526371,12690200
5/24/2016,47.939999,48.400002,47.869999,48.34,41.942852,13383300
5/25/2016,48.080002,48.349998,47.860001,48.200001,41.821384,14349900
5/26/2016,48.139999,48.810001,48.139999,48.75,42.298588,13154500
5/27/2016,48.740002,48.919998,48.580002,48.830002,42.368011,15105500
5/31/2016,48.75,49.189999,48.740002,49.150002,42.645657,15586200
6/1/2016,49.139999,49.34,49.040001,49.279999,42.758457,11283100
6/2/2016,49.240002,49.299999,48.810001,49.299999,42.775806,7703700
6/3/2016,49.950001,50.349998,49.709999,50.080002,43.452579,18718900
6/6/2016,50.099998,50.27,49.799999,50.009998,43.391842,10842800
6/7/2016,50.049999,50.310001,49.869999,49.970001,43.357132,7904000
6/8/2016,49.959999,50.310001,49.889999,50.27,43.617435,6765100
6/9/2016,50.299999,50.790001,50.23,50.700001,43.990547,9702500
6/10/2016,50.650002,50.91,50.369999,50.57,43.877739,12911300
6/13/2016,50.650002,50.84,50.470001,50.509998,43.825676,13071700
6/14/2016,50.529999,50.810001,50.259998,50.779999,44.059952,11606400
6/15/2016,50.759998,50.860001,50.279999,50.459999,43.782299,10891300
6/16/2016,50.400002,50.889999,50.360001,50.779999,44.059952,10027100
6/17/2016,50.32,50.560001,50.040001,50.549999,44.219162,19211300
6/20/2016,50.470001,50.619999,49.98,50.360001,44.052956,15937900
6/21/2016,50.389999,50.669998,50.07,50.43,44.114185,8669100
6/22/2016,50.43,50.509998,50.139999,50.189999,43.904243,7980300
6/23/2016,50.099998,50.349998,49.990002,50.330002,44.026718,8425200
6/24/2016,50.220001,50.860001,49.790001,50.41,44.096695,24191000
6/27/2016,50.349998,51.169998,50.279999,51.029999,44.63905,16787300
6/28/2016,51.049999,51.25,50.630001,51.220001,44.805248,13207300
6/29/2016,51.459999,51.599998,51.18,51.360001,44.927715,14013400
6/30/2016,51.59,52.529999,51.360001,52.470001,45.898697,17372400
7/1/2016,52.759998,52.759998,51.939999,52.48,45.907448,17480800
7/5/2016,52.639999,52.950001,52.48,52.869999,46.2486,12553400
7/6/2016,52.810001,53.02,52.5,52.98,46.344822,15102700
7/7/2016,52.799999,52.830002,51.900002,52,45.48756,22718600
7/8/2016,51.549999,52.57,51.439999,52.540001,45.95993,16092400
7/11/2016,52.380001,52.540001,51.889999,52.5,45.924946,14506000
7/12/2016,52.150002,52.360001,51.75,51.779999,45.295113,18002300
7/13/2016,52,52.189999,51.880001,52.189999,45.653755,14604700
7/14/2016,51.669998,52.09,51.610001,51.849998,45.356342,17361300
7/15/2016,51.790001,52.130001,51.75,52,45.48756,12951700
7/18/2016,52.060001,52.310001,52.049999,52.150002,45.618774,11168100
7/19/2016,52.099998,52.209999,51.82,52.060001,45.540043,10682000
7/20/2016,51.990002,52.110001,51.68,51.759998,45.277618,11599600
7/21/2016,51.529999,52.110001,51.470001,52.07,45.548786,13259200
7/22/2016,51.939999,52.810001,51.889999,52.759998,46.152378,13220700
7/25/2016,52.689999,52.740002,52.349998,52.669998,46.073643,7155300
7/26/2016,52.689999,52.73,52.060001,52.209999,45.671261,12509100
7/27/2016,52.09,52.150002,51.16,51.610001,45.146404,22559800
7/28/2016,51.580002,51.900002,51.459999,51.810001,45.321362,9115800
7/29/2016,51.82,52.290001,51.73,52.119999,45.592537,15474700
8/1/2016,51.990002,52.27,51.959999,52.150002,45.618774,11658500
8/2/2016,51.880001,52.009998,51.57,51.810001,45.321362,13705500
8/3/2016,51.810001,51.900002,51.34,51.5,45.05019,11405300
8/4/2016,51.560001,51.860001,51.330002,51.470001,45.023941,12272000
8/5/2016,51.18,51.290001,50.700001,50.73,44.37661,26952100
8/8/2016,50.709999,51.169998,50.580002,50.709999,44.359119,13526700
8/9/2016,50.779999,50.970001,50.57,50.700001,44.350376,10094200
8/10/2016,50.82,50.939999,50.580002,50.709999,44.359119,8490800
8/11/2016,50.700001,50.860001,50.549999,50.830002,44.464088,9481500
8/12/2016,51.009998,51.27,50.889999,50.900002,44.525326,12161400
8/15/2016,50.900002,51.080002,50.119999,50.119999,43.84301,12634400
8/16/2016,50,50.029999,49.529999,49.529999,43.326897,20181600
8/17/2016,49.470001,50.369999,49.09,50.27,43.974224,28456600
8/18/2016,50.259998,50.889999,50.169998,50.889999,44.516571,13944500
8/19/2016,50.540001,50.75,50,50.27,43.974224,14698000
8/22/2016,50.349998,50.619999,50.25,50.400002,44.087936,9101800
8/23/2016,50.48,50.720001,50.150002,50.18,43.895496,9578700
8/24/2016,50.099998,50.240002,49.77,50.16,43.87801,8048300
8/25/2016,50.110001,50.360001,50.099998,50.189999,43.904243,7222800
8/26/2016,50.220001,50.560001,49.110001,49.150002,42.994484,20911000
8/29/2016,49.299999,49.669998,49.25,49.549999,43.344395,13015700
8/30/2016,49.509998,49.75,48.970001,49.029999,42.889526,12261500
8/31/2016,48.98,49.25,48.869999,49.23,43.064468,11502100
9/1/2016,49.099998,49.27,48.919998,48.98,42.845783,15982000
9/2/2016,49.16,49.68,49.060001,49.630001,43.414375,16271000
9/6/2016,49.889999,50.23,49.75,50.169998,43.886742,15259100
9/7/2016,50.200001,50.290001,49.889999,50.18,43.895496,11490700
9/8/2016,49.84,50.41,49.84,50.349998,44.044197,12841600
9/9/2016,49.849998,49.91,48.439999,48.459999,42.390903,25759100
9/12/2016,48.380001,49.419998,48.380001,49.32,43.1432,25532300
9/13/2016,49.16,49.220001,48.419998,48.639999,42.548367,22296900
9/14/2016,48.82,49.220001,48.610001,48.830002,42.714569,15229800
9/15/2016,48.779999,49.290001,48.66,49.200001,43.038231,25261800
9/16/2016,48.849998,49.330002,48.490002,49.259998,43.458168,21724200
9/19/2016,49.419998,49.77,49.299999,49.75,43.890461,12530800
9/20/2016,49.950001,50.029999,49.630001,49.66,43.81105,12857900
9/21/2016,49.75,50.709999,49.650002,50.669998,44.702103,19405100
9/22/2016,51.080002,51.09,50.610001,50.98,44.975578,12035300
9/23/2016,50.830002,51.080002,50.59,50.939999,44.940289,11003400
9/26/2016,50.939999,51.02,50.639999,50.810001,44.825607,8052800
9/27/2016,50.98,51.23,50.099998,50.150002,44.24334,17939600
9/28/2016,50.18,50.34,49.650002,50.080002,44.181591,16619200
9/29/2016,49.970001,49.990002,49.080002,49.330002,43.519928,19247300
9/30/2016,49.369999,49.73,48.740002,48.990002,43.219975,14836300
10/3/2016,49.009998,49.009998,48.009998,48.299999,42.611237,19492700
10/4/2016,48.27,48.310001,47,47.290001,41.720188,25691800
10/5/2016,47.400002,47.77,47.009998,47.189999,41.631973,28171900
10/6/2016,47.029999,47.419998,46.790001,47.18,41.623154,20195700
10/7/2016,47.509998,47.959999,47.099998,47.119999,41.57021,17215800
10/10/2016,47.150002,47.549999,47.150002,47.509998,41.91428,9774800
10/11/2016,47.48,47.48,46.889999,46.970001,41.437885,14347000
10/12/2016,47,47.52,46.919998,47.43,41.843704,15427300
10/13/2016,47.509998,48.330002,47.41,48.02,42.364212,30542100
10/14/2016,47.77,48.23,47.68,47.75,42.126011,17948300
10/17/2016,47.900002,48.130001,47.84,48.009998,42.355392,11439900
10/18/2016,48.220001,48.52,47.799999,48.419998,42.717098,14761100
10/19/2016,48.389999,48.459999,48.09,48.310001,42.62006,8502500
10/20/2016,48.400002,48.66,48.189999,48.279999,42.593597,8930800
10/21/2016,48.07,48.25,47.790001,48,42.346569,18153600
10/24/2016,48.209999,48.360001,47.889999,48.18,42.505367,10744700
10/25/2016,48.119999,48.48,48.060001,48.48,42.770027,9886300
10/26/2016,48.349998,48.66,48.110001,48.599998,42.875904,10851000
10/27/2016,48.32,48.509998,47.970001,48.310001,42.62006,15554900
10/28/2016,48.279999,48.689999,48.200001,48.459999,42.752384,16463900
10/31/2016,48.580002,49.720001,48.450001,49.43,43.608147,22715800
11/1/2016,49.290001,49.389999,48.400002,48.529999,42.814148,24154400
11/2/2016,48.299999,48.43,47.52,47.919998,42.27599,26491700
11/3/2016,47.799999,48.290001,47.630001,48.099998,42.434795,11820500
11/4/2016,48.290001,48.75,47.919998,47.950001,42.302452,14557200
11/7/2016,48.150002,48.799999,47.689999,48.790001,43.043526,17728100
11/8/2016,48.849998,49.360001,48.77,49.169998,43.378773,18847900
11/9/2016,48.310001,48.349998,47.279999,47.360001,41.781944,42810200
11/10/2016,47.110001,47.16,45.610001,46.220001,40.776218,53123400
11/11/2016,46.119999,46.66,45.849998,46.029999,40.608593,30951500
11/14/2016,45.68,46.099998,45.330002,46,40.582127,28190800
11/15/2016,46.259998,46.849998,46.240002,46.740002,41.23497,25191800
11/16/2016,46.849998,46.970001,46.119999,46.419998,40.95266,16817400
11/17/2016,46.200001,46.68,46.200001,46.43,40.961491,19199800
11/18/2016,46.560001,46.66,46.09,46.290001,40.837971,10698500
11/21/2016,46.419998,46.790001,46.349998,46.779999,41.27026,12298300
11/22/2016,46.799999,47.029999,46.560001,46.959999,41.429058,10643000
11/23/2016,46.299999,46.919998,46.299999,46.490002,41.014416,14153400
11/25/2016,46.560001,47.32,46.560001,47.16,41.605503,7866200
11/28/2016,47.299999,48.18,47.290001,48.07,42.408321,23431700
11/29/2016,47.950001,48.5,47.869999,48.27,42.584774,14447700
11/30/2016,47.560001,47.669998,46.75,46.75,41.24379,23467400
12/1/2016,46.360001,46.57,46.040001,46.380001,40.917381,18366100
12/2/2016,46.650002,47.130001,46.490002,46.799999,41.287903,16399400
12/5/2016,46.599998,46.869999,46.169998,46.860001,41.340836,14888300
12/6/2016,46.84,47.029999,46.66,46.77,41.26144,8422000
12/7/2016,46.939999,47.380001,46.889999,47.380001,41.799591,12902400
12/8/2016,47.080002,47.549999,46.740002,47.459999,41.870167,14395500
12/9/2016,47.419998,47.98,47.419998,47.959999,42.311279,16018900
12/12/2016,47.759998,48.509998,47.75,48.459999,42.752384,21980100
12/13/2016,48.700001,49,48.52,48.959999,43.193501,20217000
12/14/2016,49.18,49.439999,47.889999,47.950001,42.302452,28353900
12/15/2016,47.849998,48.34,47.599998,48.290001,42.602413,17821600
12/16/2016,47.950001,48.580002,47.84,48.41,43.121727,20119000
12/19/2016,48.700001,48.720001,48.169998,48.59,43.282066,11650200
12/20/2016,48.450001,48.790001,48.389999,48.650002,43.33551,8663100
12/21/2016,48.66,48.889999,48.439999,48.450001,43.157356,8444200
12/22/2016,48.419998,48.709999,48.330002,48.619999,43.308788,7465200
12/23/2016,48.68,48.799999,48.450001,48.610001,43.299881,7778500
12/27/2016,48.419998,48.77,48.369999,48.650002,43.33551,13134400
12/28/2016,48.68,48.709999,48.119999,48.189999,42.925758,8829300
12/29/2016,48.380001,48.919998,48.259998,48.84,43.504757,14677800
12/30/2016,48.93,48.950001,48.419998,48.57,43.264244,14027700
1/3/2017,48.5,48.630001,48.139999,48.450001,43.157356,18880700
1/4/2017,48.52,48.880001,48.43,48.630001,43.317692,14550500
1/5/2017,48.740002,48.759998,48.16,48.68,43.362232,16306400
1/6/2017,48.439999,48.919998,48.349998,48.830002,43.495846,10967200
1/9/2017,49.009998,49.029999,48.18,48.189999,42.925758,13847200
1/10/2017,48.18,48.200001,47.849998,48.040001,42.792141,11224200
1/11/2017,48.029999,48.59,48.02,48.540001,43.237534,13397700
1/12/2017,48.57,48.66,48.290001,48.580002,43.273155,9410400
1/13/2017,48.48,48.650002,48.200001,48.509998,43.210804,12173300
1/17/2017,48.669998,49.200001,48.630001,49.040001,43.682911,15326000
1/18/2017,48.900002,49.220001,48.900002,48.98,43.629459,13230900
1/19/2017,48.700001,48.98,48.43,48.549999,43.246426,13800500
1/20/2017,48.619999,48.779999,48.330002,48.639999,43.326607,11874200
1/23/2017,48.709999,48.82,48.34,48.389999,43.103909,10625500
1/24/2017,48.380001,48.59,48.290001,48.380001,43.094997,11049400
1/25/2017,48.16,48.43,48.110001,48.380001,43.094997,19230000
1/26/2017,48.360001,48.630001,48.18,48.400002,43.11282,11488200
1/27/2017,48.490002,48.639999,48.290001,48.389999,43.103909,7228800
1/30/2017,48.41,48.59,48.139999,48.43,43.139538,9319900
1/31/2017,48.470001,49.220001,48.419998,49.18,43.807606,15916500
2/1/2017,48.919998,48.939999,48.189999,48.330002,43.050472,24379500
2/2/2017,48.48,48.84,48.189999,48.84,43.504757,15661100
2/3/2017,48.98,49.099998,48.790001,48.900002,43.558201,11336600
2/6/2017,49.09,49.119999,48.75,48.799999,43.46912,7042000
2/7/2017,48.880001,49,48.75,48.919998,43.576012,6109100
2/8/2017,49.040001,49.490002,48.950001,49.400002,44.003582,15882000
2/9/2017,49.349998,49.470001,48.860001,48.98,43.629459,14496000
2/10/2017,48.849998,49.360001,48.84,49.290001,43.905598,9479600
2/13/2017,49.330002,49.580002,49.16,49.529999,44.119377,13042800
2/14/2017,49.459999,49.48,48.91,49.169998,43.798706,18784300
2/15/2017,48.82,49.07,48.650002,49.049999,43.691811,18925400
2/16/2017,49.060001,49.560001,49.060001,49.540001,44.128288,14001100
2/17/2017,49.669998,49.720001,49.290001,49.57,44.15501,9973500
2/21/2017,49.5,50.200001,49.330002,50.09,44.61821,11358500
2/22/2017,50.09,50.400002,49.889999,50.299999,44.805271,16018600
2/23/2017,50.52,51,50.41,50.82,45.268459,15003600
2/24/2017,50.990002,51.59,50.990002,51.59,45.95435,18629700
2/27/2017,51.490002,51.529999,51.23,51.299999,45.696026,13982900
2/28/2017,51.290001,51.900002,51.200001,51.77,46.114685,14410400
3/1/2017,51.029999,51.689999,50.98,51.310001,45.704933,29121600
3/2/2017,51.130001,52,51.060001,51.68,46.034512,17372800
3/3/2017,51.68,51.709999,51.09,51.52,45.891987,17575000
3/6/2017,51.43,51.529999,51.240002,51.419998,45.802914,7616800
3/7/2017,51.360001,51.580002,51.32,51.389999,45.776196,17951700
3/8/2017,50.950001,51,50.549999,50.650002,45.117027,18393900
3/9/2017,50.77,50.950001,50.5,50.540001,45.019043,12842800
3/10/2017,50.810001,51.060001,50.639999,50.959999,45.393166,11491800
3/13/2017,50.919998,51.139999,50.860001,51.110001,45.526779,14058000
3/14/2017,51.049999,51.200001,50.889999,51.060001,45.482235,11670500
3/15/2017,51.240002,52.139999,51.139999,51.880001,46.212666,22619200
3/16/2017,51.779999,51.779999,51.209999,51.310001,45.704933,18728400
3/17/2017,51.099998,51.52,51.040001,51.23,45.980473,15128500
3/20/2017,51.349998,51.450001,50.75,50.889999,45.675308,7148000
3/21/2017,50.919998,51.799999,50.889999,51.610001,46.321529,25417100
3/22/2017,51.82,52.23,51.650002,51.860001,46.54591,25252800
3/23/2017,51.849998,52.169998,51.560001,51.700001,46.402309,22565300
3/24/2017,51.73,52.080002,51.599998,51.889999,46.572838,12407100
3/27/2017,52.099998,52.209999,51.490002,51.689999,46.393333,11821400
3/28/2017,51.68,51.740002,51.419998,51.650002,46.357437,8477800
3/29/2017,51.630001,51.68,51.290001,51.509998,46.231785,6955500
3/30/2017,51.43,51.43,50.970001,51.110001,45.872768,19711200
3/31/2017,51.169998,51.560001,51.130001,51.310001,46.052277,9991000
4/3/2017,51.310001,51.310001,50.830002,51.299999,46.043301,15475800
4/4/2017,51.25,51.650002,51.150002,51.459999,46.186905,10134300
4/5/2017,51.400002,51.799999,51.290001,51.75,46.447186,12649500
4/6/2017,51.689999,51.709999,51.419998,51.619999,46.330505,9388800
4/7/2017,51.82,51.889999,51.360001,51.400002,46.133049,19918000
4/10/2017,51.43,51.549999,51.139999,51.490002,46.213829,8484800
4/11/2017,51.52,51.57,51.130001,51.470001,46.195889,9844200
4/12/2017,51.400002,51.880001,51.240002,51.849998,46.536938,10521000
4/13/2017,51.91,51.919998,51.450001,51.68,46.384361,10856100
4/17/2017,51.799999,51.93,51.66,51.91,46.590794,7272600
4/18/2017,51.990002,52.139999,51.830002,52.029999,46.698494,14707400
4/19/2017,51.970001,51.990002,51.490002,51.669998,46.375389,12517000
4/20/2017,51.610001,51.610001,51.099998,51.470001,46.195889,13482300
4/21/2017,51.400002,51.950001,51.400002,51.73,46.429245,13258700
4/24/2017,51.779999,52.060001,51.43,52,46.671574,18106700
4/25/2017,51.849998,52.009998,51.639999,51.93,46.608746,10891600
4/26/2017,51.919998,52.16,51.720001,51.77,46.465141,9597400
4/27/2017,51.75,52.200001,51.709999,51.950001,46.626698,9466500
4/28/2017,51.880001,51.950001,51.540001,51.700001,46.402309,9405700
5/1/2017,51.82,51.82,51.259998,51.389999,46.124081,10692500
5/2/2017,51.450001,51.639999,51.240002,51.450001,46.177925,9438600
5/3/2017,51.52,51.580002,51.240002,51.27,46.016369,10507200
5/4/2017,51.119999,51.509998,51.110001,51.450001,46.177925,14039100
5/5/2017,51.599998,51.919998,51.549999,51.73,46.429245,10785300
5/8/2017,51.77,51.830002,51.450001,51.709999,46.411285,8789700
5/9/2017,51.669998,51.709999,51.240002,51.330002,46.070232,7758900
5/10/2017,51.369999,51.52,51.130001,51.41,46.142025,8439800
5/11/2017,51.279999,51.48,51.07,51.48,46.204849,7699200
5/12/2017,51.599998,51.84,51.529999,51.73,46.429245,7523100
5/15/2017,51.740002,52.040001,51.68,51.950001,46.626698,6351100
5/16/2017,51.869999,52.02,51.509998,51.57,46.285629,7653100
5/17/2017,51.700001,51.939999,51.470001,51.700001,46.402309,15032800
5/18/2017,51.810001,52.150002,51.439999,51.880001,46.563866,16876000
5/19/2017,51.869999,52.080002,51.580002,52.080002,46.743374,9901300
5/22/2017,52,52.610001,51.970001,52.529999,47.147263,7779300
5/23/2017,52.619999,52.98,52.529999,52.669998,47.272911,15290200
5/24/2017,52.720001,53.060001,52.669998,52.970001,47.542171,7602300
5/25/2017,53.080002,53.490002,52.950001,53.400002,47.928112,16777300
5/26/2017,53.43,53.52,53.299999,53.400002,47.928112,7649600
5/30/2017,53.439999,53.700001,53.290001,53.57,48.080688,6292300
5/31/2017,53.630001,54.029999,53.57,53.84,48.323021,12620700
6/1/2017,53.700001,54.23,53.639999,54.220001,48.664089,11118600
6/2/2017,54.630001,54.630001,54.119999,54.279999,48.717937,9956600
6/5/2017,54.279999,54.330002,54.029999,54.110001,48.565361,7350000
6/6/2017,54.23,54.23,53.919998,53.990002,48.457661,7501200
6/7/2017,53.990002,54.299999,53.900002,54.169998,48.619205,7881300
6/8/2017,54.060001,54.099998,53.389999,53.720001,48.215321,13292600
6/9/2017,53.549999,53.709999,53.290001,53.669998,48.170448,13938200
6/12/2017,53.740002,53.959999,53.27,53.57,48.080688,12821100
6/13/2017,53.509998,53.740002,53.380001,53.700001,48.197376,8914900
6/14/2017,54.040001,54.279999,53.82,53.990002,48.457661,15832100
6/15/2017,53.84,54.360001,53.84,54.299999,48.735886,15549500
6/16/2017,54.02,54.220001,53.919998,54.110001,48.959381,17695800
6/19/2017,54.16,54.189999,53.740002,53.93,48.796509,17822300
6/20/2017,53.990002,54.029999,53.860001,53.959999,48.823658,7588500
6/21/2017,53.950001,54.029999,53.360001,53.639999,48.534107,10076600
6/22/2017,53.560001,53.759998,53.349998,53.389999,48.307907,7931200
6/23/2017,53.400002,53.599998,53.099998,53.209999,48.14505,8643100
6/26/2017,53.330002,53.869999,53.139999,53.57,48.470779,10355000
6/27/2017,53.330002,53.48,52.82,52.970001,47.927891,10478800
6/28/2017,53.130001,53.25,52.41,52.459999,47.466434,9288800
6/29/2017,52.150002,52.220001,51.84,52.040001,47.086414,20595700
6/30/2017,52.099998,52.380001,51.959999,51.959999,47.014038,15112900
7/3/2017,52.040001,52.18,51.650002,51.720001,46.796871,12704700
7/5/2017,51.889999,51.889999,51.330002,51.470001,46.570675,14002600
7/6/2017,51.259998,51.509998,51.259998,51.450001,46.552578,14036800
7/7/2017,51.439999,51.740002,51.389999,51.490002,46.588772,13263000
7/10/2017,51.639999,51.759998,51.41,51.450001,46.552578,16313800
7/11/2017,51.529999,51.529999,51.169998,51.419998,46.525429,9055900
7/12/2017,51.869999,52.009998,51.77,51.860001,46.923553,12143000
7/13/2017,51.830002,51.970001,51.639999,51.68,46.760685,6921000
7/14/2017,52.02,52.16,51.860001,51.919998,46.977837,12607500
7/17/2017,51.950001,52.16,51.84,52.16,47.194992,7669000
7/18/2017,52.279999,52.369999,52.139999,52.310001,47.330711,7890400
7/19/2017,52.400002,52.549999,52.25,52.529999,47.529774,10669400
7/20/2017,52.669998,52.919998,52.540001,52.91,47.873608,8462500
7/21/2017,52.919998,53.290001,52.740002,53.290001,48.217434,9252000
7/24/2017,53.32,53.32,52.709999,52.790001,47.76503,10534800
7/25/2017,52.68,52.830002,52.43,52.490002,47.493584,10568100
7/26/2017,52.48,52.990002,52.400002,52.990002,47.945992,8631200
7/27/2017,52.84,53.119999,52.779999,53.119999,48.063606,9586900
7/28/2017,53.040001,53.189999,52.790001,53.040001,47.991234,9639000
7/31/2017,52.98,53.34,52.900002,53.220001,48.154091,11861300
8/1/2017,53.299999,53.619999,53.25,53.52,48.425541,10823100
8/2/2017,53.41,53.759998,53.09,53.75,48.633644,8015900
8/3/2017,53.82,54.02,53.580002,54.02,48.877945,10464700
8/4/2017,53.740002,53.900002,53.490002,53.779999,48.660786,17465400
8/7/2017,53.84,53.970001,53.700001,53.950001,48.81461,5161400
8/8/2017,53.900002,54.169998,53.830002,54.169998,49.013668,7568700
8/9/2017,54.259998,54.400002,53.849998,53.889999,48.760315,8852200
8/10/2017,53.810001,54.16,53.689999,54.060001,48.914143,9614800
8/11/2017,53.939999,54.049999,53.549999,53.740002,48.624596,9336300
8/14/2017,53.75,54.080002,53.740002,54.049999,48.90509,11827800
8/15/2017,53.68,54.389999,53.650002,54.349998,49.176525,9582300
8/16/2017,54.259998,54.599998,54.259998,54.57,49.375591,7131800
8/17/2017,54.450001,54.630001,54.139999,54.18,49.022717,8956300
8/18/2017,54,54.759998,54,54.5,49.312256,14848800
8/21/2017,54.66,54.790001,54.450001,54.700001,49.493221,5656000
8/22/2017,54.73,54.830002,54.540001,54.82,49.601795,8150300
8/23/2017,54.799999,55.02,54.619999,55,49.764668,7046300
8/24/2017,54.970001,55.09,54.860001,54.959999,49.728466,7017400
8/25/2017,55.09,55.34,54.959999,55.139999,49.891335,7861800
8/28/2017,55.330002,55.330002,54.98,55.240002,49.981819,7872700
8/29/2017,55.330002,55.419998,55.110001,55.119999,49.873238,7930300
8/30/2017,55.09,55.139999,54.880001,54.959999,49.728466,5751100
8/31/2017,55.009998,55.119999,54.93,54.970001,49.737518,10469500
9/1/2017,55.049999,55.139999,54.639999,54.799999,49.583694,11268700
9/5/2017,54.900002,54.98,54.630001,54.939999,49.710365,9040400
9/6/2017,55,55.09,54.59,54.689999,49.484169,11428700
9/7/2017,54.740002,55.16,54.689999,55.099998,49.855145,12351700
9/8/2017,55.02,55.400002,54.919998,55.360001,50.090397,9019900
9/11/2017,55.259998,55.900002,55.25,55.830002,50.515663,10091600
9/12/2017,55.790001,55.790001,54.599998,54.900002,49.674183,18895300
9/13/2017,54.849998,54.889999,54.59,54.630001,49.429882,10729100
9/14/2017,54.599998,55.119999,54.439999,55.09,49.846088,10195400
9/15/2017,54.830002,54.91,54.5,54.75,49.916302,8515100
9/18/2017,54.709999,54.75,53.830002,54.189999,49.405731,15803500
9/19/2017,54.279999,54.32,54,54.080002,49.305447,15780000
9/20/2017,54.169998,54.290001,53.470001,53.68,48.940762,19747000
9/21/2017,53.73,54.02,53.599998,53.669998,48.931656,10712300
9/22/2017,53.82,53.889999,53.23,53.23,48.530495,11241900
9/25/2017,53.310001,53.779999,53.220001,53.720001,48.97723,11723300
9/26/2017,53.700001,53.810001,53.52,53.619999,48.886066,10011100
9/27/2017,53.25,53.459999,52.639999,52.900002,48.22963,12350800
9/28/2017,52.709999,53.23,52.57,53.09,48.402859,14182500
9/29/2017,53.110001,53.27,52.860001,53.049999,48.366386,12127100
10/2/2017,53.02,53.389999,52.959999,53.139999,48.448441,16614300
10/3/2017,53.169998,53.18,52.66,52.990002,48.311684,9557500
10/4/2017,53.02,53.540001,52.860001,53.52,48.794891,12140500
10/5/2017,53.5,53.580002,53.23,53.470001,48.749306,12639200
10/6/2017,53.220001,53.450001,53.02,53.43,48.712837,10418200
10/9/2017,53.529999,53.630001,53.43,53.5,48.776661,7340700
10/10/2017,53.630001,54.029999,53.459999,54.02,49.250748,8326800
10/11/2017,53.959999,54.52,53.950001,54.25,49.460438,15469100
10/12/2017,54.310001,54.669998,54.220001,54.529999,49.715717,13668200
10/13/2017,54.68,54.77,53.990002,54.150002,49.369274,12712700
10/16/2017,54.130001,54.25,53.59,54.029999,49.259861,11246400
10/17/2017,54,54.459999,53.849998,54.349998,49.551605,9599600
10/18/2017,54.119999,54.360001,54.040001,54.25,49.460438,8691000
10/19/2017,54.349998,54.82,54.290001,54.82,49.98011,10285900
10/20/2017,54.599998,54.970001,54.580002,54.860001,50.016579,11231400
10/23/2017,54.849998,55,54.66,54.889999,50.04393,10611000
10/24/2017,54.799999,55,54.669998,54.939999,50.089516,11335700
10/25/2017,54.709999,54.810001,54.049999,54.700001,49.870705,18331300
10/26/2017,54.959999,55.25,54.689999,54.709999,49.879829,17329600
10/27/2017,54.650002,55.18,54.549999,55.049999,50.189804,10366100
10/30/2017,54.650002,55.169998,54.650002,55.060001,50.198925,10057400
10/31/2017,55.02,55.23,54.880001,55.119999,50.253632,9532000
11/1/2017,55.209999,55.209999,54.709999,54.810001,49.971001,10879200
11/2/2017,54.810001,55.240002,54.669998,55.009998,50.153332,14726900
11/3/2017,54.939999,55.48,54.82,55.209999,50.335686,11632200
11/6/2017,55.279999,55.310001,54.970001,55,50.144226,11996500
11/7/2017,55.09,55.740002,54.889999,55.66,50.745953,11324500
11/8/2017,55.630001,55.849998,55.310001,55.700001,50.782425,9584900
11/9/2017,55.540001,55.869999,55.41,55.77,50.846249,10762600
11/10/2017,55.470001,55.639999,55.32,55.509998,50.609192,11036500
11/13/2017,55.57,56.220001,55.57,56.169998,51.210922,9822800
11/14/2017,56.009998,56.91,55.990002,56.869999,51.849129,12373800
11/15/2017,57.09,57.23,56.32,56.380001,51.402386,12065200
11/16/2017,56.240002,56.369999,56.029999,56.200001,51.238281,11441100
11/17/2017,56.080002,56.220001,55.759998,55.810001,50.882717,16650400
11/20/2017,55.84,55.91,55.549999,55.639999,50.727722,9291900
11/21/2017,55.799999,55.950001,55.639999,55.790001,50.864475,7756000
11/22/2017,55.75,55.900002,55.580002,55.790001,50.864475,5578900
11/24/2017,55.82,56.099998,55.790001,55.880001,50.946526,5002200
11/27/2017,55.950001,56.220001,55.810001,56.119999,51.165337,7196800
11/28/2017,56.259998,56.490002,56.139999,56.380001,51.402386,9185500
11/29/2017,56.189999,56.650002,55.990002,56.41,51.429737,15569400
11/30/2017,56.48,56.720001,56.369999,56.599998,51.602962,15891500
12/1/2017,56.790001,56.900002,56.099998,56.41,51.429737,24075900
12/4/2017,56.439999,56.66,56,56.09,51.137985,13055800
12/5/2017,56.18,56.18,55.110001,55.380001,50.490677,19876000
12/6/2017,55.470001,55.700001,55.290001,55.59,50.682129,9444800
12/7/2017,55.490002,55.700001,55.25,55.689999,50.773308,11475200
12/8/2017,55.619999,55.880001,55.400002,55.869999,50.937412,9975300
12/11/2017,55.82,56.240002,55.66,56.209999,51.247395,15435400
12/12/2017,56,56.07,55.220001,55.25,50.37215,21550500
12/13/2017,55.400002,55.709999,55.240002,55.400002,50.508911,17385100
12/14/2017,55.349998,55.580002,54.900002,55.330002,50.445099,13143600
12/15/2017,55,55.220001,54.84,55.02,50.630054,13637600
12/18/2017,55.07,55.23,54.330002,54.41,50.068726,19403500
12/19/2017,54.41,54.48,53.389999,53.419998,49.157715,14887500
12/20/2017,53.380001,53.57,52.970001,53,48.771229,15756000
12/21/2017,52.630001,52.639999,52.16,52.369999,48.191494,19934900
12/22/2017,52.43,52.650002,52.400002,52.450001,48.265102,11471700
12/26/2017,52.509998,52.669998,52.130001,52.139999,47.979839,8243700
12/27/2017,52.330002,52.459999,52.220001,52.360001,48.182293,10616400
12/28/2017,52.459999,52.669998,52.369999,52.650002,48.44915,4910800
12/29/2017,52.810001,52.91,52.57,52.68,48.476761,7030100
1/2/2018,52.669998,52.740002,52.029999,52.189999,48.025848,12270000
1/3/2018,52,52.380001,51.599998,51.779999,47.648571,20807900
1/4/2018,51.619999,51.959999,51.25,51.349998,47.252876,14971800
1/5/2018,51.529999,51.610001,51.07,51.330002,47.23447,23416300
1/8/2018,51.419998,51.849998,51.32,51.810001,47.676167,14300500
1/9/2018,51.799999,51.82,51.220001,51.299999,47.206867,15438700
1/10/2018,51,51.080002,50.630001,50.740002,46.691544,15562000
1/11/2018,50.689999,50.919998,50.380001,50.549999,46.516705,16545500
1/12/2018,50.400002,50.669998,50.110001,50.259998,46.249844,18635300
1/16/2018,50.459999,50.599998,49.860001,50.150002,46.148617,27292800
1/17/2018,50.23,50.599998,50.16,50.459999,46.43388,23451600
1/18/2018,50.459999,50.470001,49.880001,50.139999,46.13942,21329700
1/19/2018,50.34,50.450001,49.93,49.990002,46.001389,18631900
1/22/2018,50.23,50.549999,49.98,50.060001,46.0658,20536500
1/23/2018,50.25,50.900002,50.099998,50.540001,46.507507,26673900
1/24/2018,50.459999,50.5,50.150002,50.23,46.22224,19531400
1/25/2018,50.25,51.049999,50.220001,51.009998,46.940002,26285000
1/26/2018,51.150002,51.299999,50.529999,51.040001,46.967613,23950000
1/29/2018,50.799999,50.889999,50.330002,50.389999,46.369469,18060900
1/30/2018,50.349998,50.689999,50.330002,50.48,46.452297,13089100
1/31/2018,50.540001,51.09,50.259998,51.040001,46.967613,27411400
2/1/2018,50.98,51.18,50.09,50.240002,46.231441,28519600
2/2/2018,49.990002,50.360001,49.82,49.880001,45.900166,21806400
2/5/2018,49.799999,50.330002,48.970001,49.060001,45.145588,33472300
2/6/2018,48.48,48.740002,47.369999,48.330002,44.473839,41671600
2/7/2018,48.299999,48.869999,48.080002,48.099998,44.262184,27880200
2/8/2018,47.959999,48.610001,47.509998,47.560001,43.765278,26041900
2/9/2018,47.689999,48.93,47.549999,48.560001,44.68549,36422500
2/12/2018,48.66,49.200001,48.220001,48.93,45.02597,26504400
2/13/2018,48.91,49.34,48.400002,49.150002,45.228409,25067200
2/14/2018,48.73,49.060001,48.459999,48.599998,44.722298,20341100
2/15/2018,48.720001,49.700001,48.650002,49.68,45.716125,16504100
2/16/2018,49.709999,50.240002,49.52,50.119999,46.121014,20066500
2/20/2018,49.950001,50.130001,49.23,49.470001,45.522881,16773300
2/21/2018,49.5,49.830002,48.810001,48.82,44.924736,22461400
2/22/2018,48.98,49.439999,48.799999,49.07,45.154793,20128900
2/23/2018,49.209999,50.41,49.150002,50.349998,46.332661,20642400
2/26/2018,50.549999,50.639999,50.099998,50.200001,46.19463,13604900
2/27/2018,50.240002,50.540001,49.380001,49.400002,45.458454,18201200
2/28/2018,49.580002,49.709999,49.060001,49.060001,45.145588,11946100
3/1/2018,49.16,49.860001,48.84,49.07,45.154793,21591300
3/2/2018,49.040001,49.529999,48.529999,48.939999,45.035164,16857100
3/5/2018,48.82,50.049999,48.720001,49.939999,45.955376,15500400
3/6/2018,49.880001,49.990002,49.16,49.27,45.338837,20708000
3/7/2018,49.119999,49.330002,48.709999,48.900002,44.998356,16678800
3/8/2018,49.009998,49.369999,48.93,49.259998,45.329632,12258800
3/9/2018,49.16,49.41,49.02,49.400002,45.458454,13098500
3/12/2018,49.419998,49.669998,49.360001,49.610001,45.651707,16231800
3/13/2018,49.790001,50.02,49.34,49.720001,45.752934,18872500
3/14/2018,49.869999,50.400002,49.84,50.23,46.22224,19132300
3/15/2018,50.200001,50.66,49.900002,50.200001,46.19463,21067800
3/16/2018,49.810001,50.380001,49.779999,50.25,46.599884,19756300
3/19/2018,50.220001,50.389999,49.650002,49.939999,46.312405,21689600
3/20/2018,49.950001,50.16,49.59,49.709999,46.09911,14968200
3/21/2018,49.75,50.220001,49.369999,49.540001,45.941456,19235900
3/22/2018,49.59,50.560001,49.450001,49.759998,46.145489,25332400
3/23/2018,49.759998,50.209999,48.959999,49.060001,45.49633,17334300
3/26/2018,49.220001,49.639999,49.119999,49.57,45.969284,13759600
3/27/2018,49.639999,50.799999,49.48,50.279999,46.627712,21456000
3/28/2018,50.34,50.540001,49.93,50.259998,46.609161,23173100
3/29/2018,50.41,50.77,50.32,50.529999,46.85955,15464500
4/2/2018,50.619999,50.860001,49.779999,50.139999,46.497879,17792600
4/3/2018,50.049999,50.549999,49.919998,50.310001,46.655529,13798800
4/4/2018,50.299999,50.549999,49.889999,50.419998,46.757538,16357300
4/5/2018,50.41,50.970001,49.849998,50.82,47.128483,14286300
4/6/2018,50.889999,51,50.310001,50.419998,46.757538,14312000
4/9/2018,50.459999,50.869999,50.290001,50.52,46.850277,11756100
4/10/2018,50.529999,50.59,50.02,50.130001,46.488602,14091200
4/11/2018,50.110001,50.290001,49.889999,50.060001,46.423683,8024100
4/12/2018,50.07,50.200001,49.299999,49.400002,45.811626,12078800
4/13/2018,49.490002,50.009998,49.490002,49.790001,46.173309,10437300
4/16/2018,49.900002,50.5,49.869999,50.470001,46.803909,15397600
4/17/2018,50.59,51.16,50.380001,50.98,47.276859,13194500
4/18/2018,51.040001,51.490002,50.779999,50.790001,47.100658,14120000
4/19/2018,50.610001,50.880001,50.349998,50.759998,47.072845,15167700
4/20/2018,50.700001,50.82,50.139999,50.299999,46.646259,14080000
4/23/2018,50.369999,50.619999,50.139999,50.330002,46.674084,11937000
4/24/2018,50.369999,50.98,50.290001,50.669998,46.98938,16904400
4/25/2018,50.490002,50.860001,50.299999,50.68,46.99865,13407500
4/26/2018,50.73,51.259998,50.5,51.189999,47.471607,11767100
4/27/2018,51.130001,51.900002,51.029999,51.709999,47.953831,17157300
4/30/2018,51.790001,51.959999,51.509998,51.560001,47.814728,12746000
5/1/2018,51.560001,51.650002,51.310001,51.400002,47.666355,10971300
5/2/2018,51.41,51.59,51.150002,51.349998,47.619984,12980300
5/3/2018,51.25,51.52,50.700001,51.279999,47.555065,16480100
5/4/2018,51.369999,51.740002,51.369999,51.509998,47.768364,11743400
5/7/2018,51.48,51.59,51.169998,51.240002,47.517975,8522000
5/8/2018,51.029999,51.119999,49.869999,49.959999,46.330956,23147900
5/9/2018,49.970001,50.060001,49.419998,49.610001,46.006378,22150500
5/10/2018,50.029999,50.32,49.759998,50.310001,46.655529,13961400
5/11/2018,50.360001,50.52,50.18,50.380001,46.720451,6478900
5/14/2018,50.459999,50.549999,49.970001,50.189999,46.544247,8512800
5/15/2018,49.889999,50.119999,49.529999,49.77,46.154755,11070700
5/16/2018,49.790001,49.860001,49.189999,49.380001,45.793087,13541300
5/17/2018,49.389999,49.529999,48.880001,48.98,45.422146,11276000
5/18/2018,49.119999,49.279999,48.610001,48.990002,45.431419,11810400
5/21/2018,49.049999,49.380001,48.830002,49.240002,45.663254,10742000
5/22/2018,49.220001,49.709999,49.220001,49.419998,45.830177,11025700
5/23/2018,49.59,49.98,49.470001,49.869999,46.247494,13582900
5/24/2018,49.939999,50.32,49.77,50.279999,46.627712,12897600
5/25/2018,50.349998,50.630001,50.25,50.5,46.831726,13871600
5/29/2018,50.41,50.84,50.139999,50.5,46.831726,17280700
5/30/2018,50.360001,51,50.23,50.91,47.211945,13885900
5/31/2018,50.849998,51.290001,50.540001,50.990002,47.286133,15108200
6/1/2018,50.860001,50.880001,49.970001,50.209999,46.562794,17180000
6/4/2018,50.310001,50.52,49.77,49.810001,46.191853,14364500
6/5/2018,49.900002,49.970001,49.360001,49.549999,45.950733,14914600
6/6/2018,49.540001,49.599998,48.369999,48.369999,44.856449,26127900
6/7/2018,48.450001,49.189999,48.349998,48.709999,45.171749,21525800
6/8/2018,48.889999,48.91,48.540001,48.689999,45.153198,11241200
6/11/2018,48.799999,48.98,48.450001,48.59,45.060474,17335200
6/12/2018,48.549999,49.209999,48.52,49.150002,45.579792,16661300
6/13/2018,49.209999,49.5,48.869999,49.02,45.459236,16725700
6/14/2018,49.099998,49.740002,49.040001,49.630001,46.024925,16138600
6/15/2018,49.130001,49.560001,48.740002,49.540001,46.352402,21711200
6/18/2018,49.509998,49.860001,49.41,49.700001,46.50211,17226700
6/19/2018,49.790001,50.369999,49.700001,50.189999,46.960579,16647400
6/20/2018,50.27,50.360001,50.009998,50.23,46.998001,12317700
6/21/2018,50.279999,50.66,50.119999,50.400002,47.15707,12703700
6/22/2018,50.43,50.880001,50.330002,50.75,47.484547,12976700
6/25/2018,50.759998,51.700001,50.759998,51.59,48.270496,21466200
6/26/2018,51.450001,51.950001,51.34,51.650002,48.326637,19908700
6/27/2018,51.59,52,51.450001,51.900002,48.560551,21764700
6/28/2018,51.950001,52.369999,51.799999,51.880001,48.54184,15037800
6/29/2018,51.790001,52.169998,51.5,51.959999,48.616688,14370700
7/2/2018,51.990002,52.360001,51.75,52.330002,48.962891,15702800
7/3/2018,52.349998,52.790001,52.110001,52.48,49.103233,10605600
7/5/2018,52.509998,52.799999,52.290001,52.759998,49.365215,11031000
7/6/2018,52.869999,53.290001,52.779999,53.169998,49.748833,12396700
7/9/2018,53.16,53.169998,51.349998,51.529999,48.214352,27936800
7/10/2018,51.040001,52.299999,50.889999,52.02,48.672825,27109100
7/11/2018,52,52.580002,51.959999,52.490002,49.112587,21772300
7/12/2018,52.490002,52.639999,52.25,52.529999,49.150013,17136700
7/13/2018,52.599998,52.720001,52.189999,52.540001,49.15937,10959300
7/16/2018,52.5,52.630001,52.23,52.490002,49.112587,10493200
7/17/2018,52.57,52.66,52.400002,52.450001,49.075165,11053500
7/18/2018,52.389999,52.48,51.959999,52.18,48.822533,10361300
7/19/2018,52.23,52.970001,52.23,52.66,49.271652,11119400
7/20/2018,52.5,52.639999,51.939999,52.290001,48.925461,13828500
7/23/2018,52.299999,52.400002,51.740002,51.919998,48.579266,14763700
7/24/2018,51.779999,52.259998,51.18,52.099998,48.747681,15698800
7/25/2018,52.09,52.509998,51.93,52.25,48.888031,13468700
7/26/2018,52.5,52.959999,52.41,52.810001,49.412003,19071000
7/27/2018,52.84,53.07,52.43,52.639999,49.252937,15747900
7/30/2018,52.57,52.57,52.150002,52.32,48.953529,9476400
7/31/2018,52.549999,52.93,52.360001,52.790001,49.393288,15219800
8/1/2018,52.490002,52.599998,52,52.450001,49.075165,19985400
8/2/2018,52.43,52.869999,52.119999,52.709999,49.318436,17291900
8/3/2018,52.73,53.439999,52.549999,53.299999,49.870468,15416600
8/6/2018,53.349998,53.650002,53.240002,53.34,49.907902,12199100
8/7/2018,53.240002,53.349998,52.84,53.259998,49.833046,13108200
8/8/2018,53.080002,53.16,52.790001,52.98,49.571056,17006000
8/9/2018,52.970001,53.25,52.790001,53.220001,49.795624,8681100
8/10/2018,53.290001,53.66,52.970001,52.990002,49.580414,13300500
8/13/2018,53.080002,53.16,52.810001,53.060001,49.645912,17273400
8/14/2018,53.080002,53.380001,53.02,53.169998,49.748833,9943800
8/15/2018,53.34,53.98,53.23,53.66,50.207306,19272700
8/16/2018,53.540001,54.279999,53.43,54.240002,50.749992,13272900
8/17/2018,54.209999,54.759998,54.110001,54.52,51.011967,14115100
8/20/2018,54.630001,54.66,54.200001,54.330002,50.834194,9574600
8/21/2018,54.25,54.279999,53.779999,53.939999,50.469288,11850800
8/22/2018,53.990002,54,53.34,53.540001,50.095024,12652600
8/23/2018,53.52,53.880001,53.400002,53.5,50.057598,11168100
8/24/2018,53.439999,53.779999,53.23,53.73,50.2728,7846300
8/27/2018,53.77,53.919998,53.130001,53.400002,49.964039,12384100
8/28/2018,53.27,53.470001,53.130001,53.290001,49.861115,10066100
8/29/2018,53.419998,53.68,53.34,53.68,50.226025,11911200
8/30/2018,53.77,53.990002,53.509998,53.700001,50.244736,13475700
8/31/2018,53.779999,54,53.27,53.470001,50.02953,12132500
9/4/2018,53.529999,54,53.48,53.709999,50.254093,12965100
9/5/2018,53.650002,54.490002,53.650002,54.459999,50.955826,14834800
9/6/2018,54.490002,54.939999,54.330002,54.77,51.245884,12352800
9/7/2018,54.240002,54.5,53.98,54.099998,50.618988,16183500
9/10/2018,54.209999,54.59,54.169998,54.369999,50.871624,9932400
9/11/2018,54.349998,54.57,54.119999,54.23,50.740631,9046700
9/12/2018,54.220001,54.52,54.060001,54.18,50.693851,9809900
9/13/2018,54.16,54.610001,53.91,54.59,51.077461,8774200
9/14/2018,54.369999,54.419998,53.84,54.299999,50.806126,13067500
9/17/2018,54.200001,54.560001,54.139999,54.48,50.974545,14259100
9/18/2018,54.400002,54.560001,54.119999,54.380001,50.880985,9767500
9/19/2018,54.360001,54.360001,52.950001,53.200001,49.776909,25510000
9/20/2018,53.130001,53.360001,52.689999,53.310001,49.879829,17814500
9/21/2018,52.75,53.25,52.509998,53.060001,50.092243,20342600
9/24/2018,52.880001,53.07,52.540001,52.59,49.648529,13526800
9/25/2018,52.439999,52.470001,51.779999,51.869999,48.968796,20024000
9/26/2018,52.119999,52.139999,51.34,51.360001,48.487328,24082200
9/27/2018,51.490002,52.169998,51.369999,51.889999,48.987679,16456800
9/28/2018,52,52.689999,51.93,52.650002,49.705173,15427400
10/1/2018,52.490002,52.59,52.27,52.470001,49.53524,12578700
10/2/2018,52.57,53.32,52.57,53.18,50.205524,15833200
10/3/2018,53.09,53.369999,52.09,52.540001,49.601326,24676300
10/4/2018,52.41,52.93,52.02,52.82,49.865665,24075900
10/5/2018,52.740002,53.799999,52.700001,53.630001,50.630363,30390000
10/8/2018,53.84,54.439999,53.599998,54.080002,51.055191,21489300
10/9/2018,54.029999,54.540001,53.950001,54.299999,51.262886,18113800
10/10/2018,54.209999,54.889999,53.98,54,50.979664,30584000
10/11/2018,54.150002,54.279999,52.740002,53.009998,50.045033,42894800
10/12/2018,52.939999,53.110001,52.509998,52.950001,49.988392,21869100
10/15/2018,52.939999,53.540001,52.880001,53.200001,50.224411,18353000
10/16/2018,53.139999,54.049999,52.98,53.75,50.743649,17937500
10/17/2018,53.68,53.91,53.360001,53.650002,50.649246,14258500
10/18/2018,53.790001,54.060001,53.450001,53.73,50.724762,16519000
10/19/2018,53.740002,54.860001,53.57,54.57,51.517776,29789600
10/22/2018,54.630001,54.689999,54.09,54.220001,51.187359,12250000
10/23/2018,54.32,54.669998,53.700001,53.919998,50.904137,18924600
10/24/2018,54.16,55.490002,53.93,55.23,52.140865,29163400
10/25/2018,54.869999,54.869999,54.099998,54.369999,51.328972,29911200
10/26/2018,54.66,54.82,53,53.369999,50.384899,36893000
10/29/2018,53.490002,54.360001,53.490002,54.119999,51.092953,24973200
10/30/2018,54.330002,54.66,53.689999,54.330002,51.29121,25065500
10/31/2018,53.880001,54.209999,53.369999,53.689999,50.687004,25143000
11/1/2018,53.77,53.799999,53.099998,53.450001,50.460426,27027400
11/2/2018,53.599998,53.740002,52.799999,53.150002,50.177208,24136600
11/5/2018,53.389999,54.09,53.259998,53.900002,50.885258,21253300
11/6/2018,53.849998,54.380001,53.779999,54.259998,51.225121,13068100
11/7/2018,54.66,54.959999,54.23,54.880001,51.810448,20725400
11/8/2018,54.93,55.110001,54.330002,54.790001,51.725471,20584100
11/9/2018,54.599998,55.110001,54.490002,54.869999,51.801006,20015100
11/12/2018,54.470001,55.41,54.07,54.84,51.772686,27663900
11/13/2018,54.830002,55.189999,54.41,55.07,51.989815,23758000
11/14/2018,54.599998,54.959999,54.310001,54.5,51.451698,27577800
11/15/2018,54.220001,54.27,53.57,54.049999,51.026867,34281200
11/16/2018,54.880001,55.139999,54.470001,54.880001,51.810448,21406400
11/19/2018,54.799999,55.169998,54.57,55.119999,52.037022,14572000
11/20/2018,55.279999,55.669998,54.560001,54.889999,51.819885,24428400
11/21/2018,54.700001,54.77,53.93,54.080002,51.055191,18909700
11/23/2018,54.150002,54.240002,53.75,54.110001,51.083515,8117900
11/26/2018,54.169998,54.459999,53.880001,54.43,51.385612,16101000
11/27/2018,54.389999,54.900002,54.169998,54.84,51.772686,13183400
11/28/2018,54.900002,55.060001,54.610001,54.799999,51.734913,12062200
11/29/2018,54.880001,54.880001,54.220001,54.779999,51.716034,17489600
11/30/2018,54.91,55.639999,54.77,55.59,52.480736,18166800
12/3/2018,55.41,56.150002,55.09,56.150002,53.009415,17906500
12/4/2018,56.290001,56.810001,56.049999,56.189999,53.047176,22268000
12/6/2018,56.419998,56.439999,55.099998,56.25,53.103817,24697900
12/7/2018,56.169998,56.790001,55.790001,56.459999,53.302067,19729400
12/10/2018,56.459999,56.75,55.48,56.57,53.405918,21148100
12/11/2018,56.639999,56.990002,56.34,56.799999,53.623051,26093400
12/12/2018,56.740002,57.110001,56.41,56.439999,53.283188,18297400
12/13/2018,56.48,57.18,56.470001,56.93,53.745789,18072000
12/14/2018,56.98,57.110001,56.490002,56.82,53.641937,25155600
12/17/2018,56.93,56.970001,54.77,54.990002,51.914291,30210800
12/18/2018,55.299999,55.689999,54.459999,54.619999,51.564983,23635400
12/19/2018,54.73,55.169998,54.209999,54.529999,51.480019,27928400
12/20/2018,54.580002,55.279999,53.880001,54.5,51.451698,39023800
12/21/2018,54.450001,55.419998,53.650002,53.810001,51.231766,35645800
12/24/2018,53.709999,54.110001,51.349998,51.560001,49.089577,22665300
12/26/2018,51.57,52.330002,50.810001,52.259998,49.756027,30839100
12/27/2018,52.279999,52.77,51.400002,52.700001,50.17495,29730600
12/28/2018,52.82,53.360001,52.630001,52.830002,50.298721,21087600
12/31/2018,52.849998,53.07,52.369999,52.919998,50.384411,16302200
1/2/2019,52.709999,52.759998,51.700001,52.009998,49.518005,25173900
1/3/2019,52.009998,52.439999,51.759998,52,49.508488,21587500
1/4/2019,51.759998,52.799999,51.689999,52.77,50.241596,19003500
1/7/2019,52.439999,52.669998,52.119999,52.41,49.898846,16267700
1/8/2019,52.459999,53.119999,52.169998,53.060001,50.517704,16643500
1/9/2019,53.029999,53.25,52.59,52.740002,50.213032,18074700
1/10/2019,52.799999,53.529999,52.73,53.43,50.869972,25458100
1/11/2019,53.360001,53.470001,52.900002,53.23,50.679554,24842500
1/14/2019,52.599998,53.240002,51.540001,52.029999,49.537052,23489800
1/15/2019,51.810001,52.959999,51.759998,52.669998,50.146389,27093100
1/16/2019,52.57,52.880001,52.27,52.860001,50.327282,18348200
1/17/2019,52.82,53.200001,52.740002,53.080002,50.536743,20785900
1/18/2019,53.150002,53.32,52.900002,53.139999,50.593868,14154700
1/22/2019,53.130001,53.529999,52.720001,53.240002,50.689075,16914400
1/23/2019,53.25,53.810001,53.16,53.779999,51.203201,14211100
1/24/2019,53.740002,54.110001,53.34,54.060001,51.469788,21924100
1/25/2019,53.889999,54.139999,53.240002,53.32,50.765247,18154100
1/28/2019,53.330002,53.529999,52.830002,53.07,50.527225,14183800
1/29/2019,53.32,53.470001,53.040001,53.220001,50.670033,12618500
1/30/2019,53.080002,53.860001,53,53.630001,51.060394,18578900
1/31/2019,53.610001,54.919998,53.369999,54.759998,52.136246,23081600
2/1/2019,54.529999,54.759998,54.080002,54.549999,51.93631,15562400
2/4/2019,54.310001,54.669998,53.93,54.639999,52.021999,18065700
2/5/2019,54.639999,54.849998,54.330002,54.75,52.126724,12296100
2/6/2019,54.669998,54.939999,54.450001,54.720001,52.098167,9204200
2/7/2019,54.639999,55.439999,54.470001,55.439999,52.783665,16075400
2/8/2019,55.310001,55.709999,55.189999,55.68,53.012169,14633700
2/11/2019,55.68,55.950001,55.470001,55.66,52.993126,14729100
2/12/2019,55.669998,56.07,55.349998,55.790001,53.116898,14753300
2/13/2019,55.619999,55.77,55.400002,55.630001,52.964565,13381800
2/14/2019,55.669998,55.830002,55.34,55.540001,52.878876,19094000
2/15/2019,55.720001,55.919998,55.509998,55.709999,53.040733,9344500
2/19/2019,55.75,56.099998,55.580002,56.040001,53.354919,14489300
2/20/2019,56.02,56.389999,55.720001,56.290001,53.592937,14358400
2/21/2019,56.119999,56.790001,55.93,56.700001,53.983295,19100000
2/22/2019,56.799999,57.060001,56.540001,57.049999,54.316528,15247500
2/25/2019,57.099998,57.139999,56.450001,56.68,53.964256,13080100
2/26/2019,56.799999,56.880001,56.32,56.610001,53.89761,13702700
2/27/2019,56.48,56.860001,56.419998,56.68,53.964256,11956300
2/28/2019,56.709999,57.150002,56.41,57.009998,54.278439,12808100
3/1/2019,57.029999,57.169998,56.650002,57.130001,54.392693,13418000
3/4/2019,57.200001,57.349998,56.669998,57.23,54.4879,12337600
3/5/2019,57.23,57.369999,57.060001,57.16,54.421253,12045500
3/6/2019,57.220001,57.369999,56.959999,57.16,54.421253,11304300
3/7/2019,57.259998,57.709999,57.189999,57.349998,54.60215,15128500
3/8/2019,57.419998,57.599998,57.009998,57.549999,54.792568,18015900
3/11/2019,57.57,57.98,57.529999,57.959999,55.182922,14458800
3/12/2019,58.060001,58.419998,57.950001,58.360001,55.563755,17102100
3/13/2019,58.25,58.560001,58.209999,58.419998,55.620884,15887600
3/14/2019,58.389999,58.740002,58.189999,58.41,55.611366,15155400
3/15/2019,58.07,58.380001,57.740002,58.189999,55.812786,17714900
3/18/2019,58.220001,58.299999,57.720001,57.970001,55.601772,15008800
3/19/2019,57.880001,57.970001,57.099998,57.310001,54.968739,22635800
3/20/2019,57.419998,57.919998,57.169998,57.459999,55.11261,18880500
3/21/2019,57.5,58.189999,57.41,58.07,55.697689,15371800
3/22/2019,58.290001,58.900002,58.07,58.490002,56.100525,20452500
3/25/2019,58.540001,58.720001,58.299999,58.540001,56.148487,13763000
3/26/2019,58.57,59,58.490002,58.959999,56.551331,15699700
3/27/2019,59.02,59.07,58.279999,58.549999,56.158077,17323500
3/28/2019,58.540001,58.740002,57.66,57.860001,55.496269,24748800
3/29/2019,57.779999,58.240002,57.639999,58.169998,55.793606,21835100
4/1/2019,58.169998,58.169998,57.43,57.77,55.409943,26681900
4/2/2019,57.889999,57.959999,57.490002,57.849998,55.486671,24978100
4/3/2019,57.73,58,57.330002,57.759998,55.400349,15450500
4/4/2019,57.860001,57.91,57.220001,57.560001,55.208527,16264600
4/5/2019,57.560001,58.130001,57.380001,58.099998,55.72646,15419300
4/8/2019,57.970001,58.049999,57.540001,57.689999,55.33321,14681700
4/9/2019,57.740002,57.889999,57.57,57.830002,55.467491,12993900
4/10/2019,57.950001,58.34,57.52,57.650002,55.294849,16891200
4/11/2019,57.639999,57.959999,57.57,57.939999,55.572994,17420000
4/12/2019,57.73,58.27,57.439999,58.209999,55.831966,15926600
4/15/2019,58.259998,58.459999,58.049999,58.200001,55.82238,15253100
4/16/2019,58.200001,58.330002,57.290001,57.48,55.13179,19688700
4/17/2019,57.419998,57.57,57.209999,57.259998,54.920776,15194800
4/18/2019,57.400002,57.689999,57.259998,57.290001,54.949551,16039400
4/22/2019,57.27,57.459999,57.119999,57.240002,54.901596,10685500
4/23/2019,57.259998,57.580002,56.98,57.400002,55.055061,17068200
4/24/2019,57.540001,57.970001,57.450001,57.77,55.409943,16428400
4/25/2019,57.509998,58.240002,57.450001,58.009998,55.640137,15253300
4/26/2019,58.330002,58.68,58.040001,58.099998,55.72646,14517400
4/29/2019,58.049999,58.07,57.52,57.759998,55.400349,20775900
4/30/2019,57.77,58.75,57.669998,58.709999,56.311539,22016700
5/1/2019,58.540001,58.700001,58.060001,58.110001,55.736057,26412700
5/2/2019,58,58.310001,57.549999,57.98,55.611366,23463800
5/3/2019,57.98,58.400002,57.889999,58.299999,55.918293,16071300
5/6/2019,58.299999,58.459999,57.860001,57.98,55.611366,13389500
5/7/2019,57.889999,58.029999,57.529999,57.799999,55.438717,12542200
5/8/2019,57.73,57.790001,56.959999,57.009998,54.680988,28692400
5/9/2019,57.009998,57.259998,56.66,56.939999,54.613853,16173800
5/10/2019,56.93,57.990002,56.82,57.959999,55.592178,25158000
5/13/2019,57.779999,58.709999,57.700001,58.580002,56.186852,20096300
5/14/2019,58.59,58.639999,58.080002,58.189999,55.812786,17609400
5/15/2019,58.220001,58.439999,58.02,58.09,55.716873,14577500
5/16/2019,58.029999,58.66,57.869999,58.48,56.090939,13908300
5/17/2019,58.220001,59.009998,58.139999,58.779999,56.378685,10477100
5/20/2019,58.91,59.23,58.709999,58.860001,56.455414,9118700
5/21/2019,58.950001,59.450001,58.810001,58.970001,56.560921,11504400
5/22/2019,59.060001,59.470001,58.880001,59.41,56.982944,9257900
5/23/2019,59.470001,59.93,59.41,59.919998,57.472111,15164500
5/24/2019,59.959999,60.27,59.759998,59.830002,57.385788,8712400
5/28/2019,59.91,59.959999,58.75,58.849998,56.445824,16397900
5/29/2019,58.990002,59.049999,57.93,58.07,55.697689,20119100
5/30/2019,58.080002,58.400002,57.799999,57.98,55.611366,16822600
5/31/2019,58,58.41,57.740002,58.25,55.870335,18257000
6/3/2019,58.439999,58.91,58.139999,58.830002,56.426643,20335400
6/4/2019,58.889999,58.959999,57.790001,58.880001,56.474598,18528900
6/5/2019,59.099998,60.34,58.889999,60.139999,57.683125,31755300
6/6/2019,60.220001,60.619999,60.049999,60.509998,58.038006,25511200
6/7/2019,60.82,61.189999,60.029999,60.060001,57.606392,18993100
6/10/2019,59.880001,60,59.349998,59.650002,57.213146,13700300
6/11/2019,59.630001,59.790001,58.950001,59.290001,56.867847,18036100
6/12/2019,59.59,60.150002,59.52,60.060001,57.606392,12350200
6/13/2019,60.200001,60.360001,59.779999,60.18,57.721489,16212000
6/14/2019,60.25,60.919998,60.23,60.810001,58.325752,14242700
6/17/2019,60.810001,60.990002,60.259998,60.639999,58.162697,11462100
6/18/2019,60.91,61.009998,59.98,60.389999,57.922909,23145300
6/19/2019,60.119999,61.110001,60.099998,60.849998,58.364117,21595900
6/20/2019,61.169998,61.380001,60.540001,61.240002,58.73819,19137800
6/21/2019,60.700001,61.099998,60.27,60.990002,58.965385,15058200
6/24/2019,61.099998,61.189999,60.779999,61.009998,58.984718,9887200
6/25/2019,61.060001,61.060001,60.5,60.639999,58.627003,12145400
6/26/2019,60.490002,60.619999,59.299999,59.32,57.350822,16888500
6/27/2019,59.509998,59.68,59.169998,59.400002,57.428169,14135500
6/28/2019,59.419998,59.959999,59.299999,59.630001,57.650532,16133200
7/1/2019,59.669998,59.73,58.939999,59.48,57.505508,17961500
7/2/2019,59.700001,60.389999,59.689999,60.290001,58.288624,21359500
7/3/2019,60.470001,61.080002,60.419998,60.709999,58.694675,15786600
7/5/2019,60.330002,60.77,59.75,60.68,58.665676,15946400
7/8/2019,60.720001,60.959999,60.389999,60.77,58.752689,9418200
7/9/2019,60.669998,60.869999,60.34,60.849998,58.830032,17482700
7/10/2019,60.919998,61.32,60.709999,60.990002,58.965385,11486000
7/11/2019,60.919998,61.240002,60.490002,61.009998,58.984718,19998000
7/12/2019,60.990002,61.060001,60.389999,60.610001,58.598,11245300
7/15/2019,60.619999,60.939999,60.389999,60.849998,58.830032,9345300
7/16/2019,60.700001,60.91,60.18,60.5,58.49165,14374600
7/17/2019,60.709999,61.080002,60.5,60.73,58.71402,13354700
7/18/2019,60.740002,61.27,60.400002,61.259998,59.226421,14733200
7/19/2019,61.119999,61.290001,60.34,60.369999,58.365963,15308300
7/22/2019,60.52,60.580002,59.889999,60.240002,58.240284,13176500
7/23/2019,60.310001,60.349998,59.75,59.860001,57.872894,16790600
7/24/2019,60.029999,60.18,59.450001,59.91,57.921238,13560700
7/25/2019,59.720001,60.150002,59.459999,59.759998,57.776215,14148300
7/26/2019,59.810001,60.209999,59.68,59.98,57.988911,13879000
7/29/2019,60.150002,60.380001,59.810001,60.290001,58.288624,16621700
7/30/2019,60.150002,60.43,59.529999,59.830002,57.843891,18995600
7/31/2019,59.849998,60.139999,59.189999,59.549999,57.573185,24381000
8/1/2019,59.450001,60.5,59.25,60.16,58.162937,29493100
8/2/2019,60.25,60.650002,60.02,60.150002,58.153271,14939300
8/5/2019,60.279999,60.439999,58.970001,59.290001,57.321819,26576800
8/6/2019,59.349998,60.259998,58.689999,60.029999,58.037251,27035900
8/7/2019,60.049999,60.540001,59.200001,60.18,58.18227,24954700
8/8/2019,60.150002,60.959999,59.82,60.799999,58.781689,17057500
8/9/2019,60.849998,61.139999,60.650002,60.869999,58.849369,11813500
8/12/2019,60.880001,61.040001,60.439999,60.75,58.733353,12685500
8/13/2019,60.740002,61.009998,60.380001,60.790001,58.772026,17747200
8/14/2019,60.869999,61.18,60.130001,60.290001,58.288624,20290500
8/15/2019,60.5,61.279999,60.139999,61.07,59.042728,22085800
8/16/2019,61.099998,61.57,61.009998,61.380001,59.342438,16121500
8/19/2019,61.25,61.98,61.150002,61.77,59.71949,14234000
8/20/2019,61.91,61.919998,61.41,61.669998,59.622807,15524400
8/21/2019,61.57,62.080002,61.52,62.080002,60.019207,14397900
8/22/2019,62.040001,62.220001,61.610001,62.139999,60.077209,14917100
8/23/2019,62.259998,62.459999,61.169998,61.48,59.439117,21297900
8/26/2019,61.630001,62.209999,61.48,62.189999,60.125546,12850700
8/27/2019,62.490002,62.740002,62.23,62.299999,60.231895,19224400
8/28/2019,62.369999,62.59,61.91,62.130001,60.067543,15895800
8/29/2019,62.48,62.580002,61.98,62.560001,60.483269,17733500
8/30/2019,62.75,62.799999,62.389999,62.580002,60.502605,12083000
9/3/2019,62.560001,63.700001,62.490002,63.689999,61.575756,21364100
9/4/2019,63.869999,64.029999,63.349998,63.75,61.633762,15816600
9/5/2019,63.330002,63.470001,62.84,63.060001,60.966675,29332400
9/6/2019,63.220001,63.360001,62.619999,62.810001,60.724972,12663200
9/9/2019,62.68,62.790001,62.380001,62.5,60.425259,16824900
9/10/2019,62.400002,62.580002,62.040001,62.580002,60.502605,19168000
9/11/2019,62.490002,63.25,62.209999,63.200001,61.102024,22688500
9/12/2019,63.580002,63.77,63.049999,63.34,61.237377,23599700
9/13/2019,62.98,63.400002,62.75,62.939999,60.850651,24999100
9/16/2019,63.040001,63.09,62.639999,62.990002,60.898991,11963000
9/17/2019,63.099998,63.689999,63.07,63.540001,61.430733,17329100
9/18/2019,63.779999,64.010002,63.380001,63.810001,61.691776,20962700
9/19/2019,64.010002,64.169998,63.77,64.110001,61.981812,15020700
9/20/2019,63.700001,63.939999,63.380001,63.869999,62.227333,18494600
9/23/2019,63.849998,64.120003,63.720001,63.880001,62.23708,8808300
9/24/2019,64.110001,64.849998,64.059998,64.629997,62.967785,26907900
9/25/2019,64.580002,64.660004,64.239998,64.589996,62.928814,16233800
9/26/2019,64.75,65.110001,64.629997,64.93,63.260067,13373400
9/27/2019,65.019997,65.059998,64.339996,64.699997,63.035984,16614800
9/30/2019,64.75,65.07,64.559998,64.739998,63.074955,10835200
10/1/2019,64.519997,64.699997,64.239998,64.589996,62.928814,23783400
10/2/2019,64.449997,64.559998,63.57,63.73,62.090935,14860300
10/3/2019,63.75,63.91,63.419998,63.880001,62.23708,29784600
10/4/2019,63.959999,64.910004,63.869999,64.769997,63.104183,18583500
10/7/2019,64.709999,64.790001,64.360001,64.519997,62.860611,12865900
10/8/2019,64.480003,64.529999,63.889999,63.919998,62.276047,21595900
10/9/2019,64.089996,64.480003,63.939999,64.230003,62.578079,8977000
10/10/2019,64.080002,64.300003,63.599998,64.160004,62.509876,15605300
10/11/2019,64.099998,64.32,63.700001,63.919998,62.276047,16077300
10/14/2019,64.099998,64.129997,63.32,63.509998,61.876591,9946000
10/15/2019,63.549999,63.700001,63.150002,63.310001,61.68174,15863300
10/16/2019,63.27,63.48,62.98,63.450001,61.818138,16177500
10/17/2019,63.450001,63.740002,63.299999,63.610001,61.974018,12999800
10/18/2019,63.459999,63.959999,63.299999,63.82,62.178623,14552900
10/21/2019,63.830002,64.089996,63.630001,64.07,62.422188,11462400
10/22/2019,64.220001,64.629997,64.029999,64.339996,62.685242,15591300
10/23/2019,64.489998,64.760002,64.32,64.599998,62.93856,12910900
10/24/2019,64.629997,64.93,64.529999,64.82,63.152901,11461200
10/25/2019,64.870003,64.959999,63.900002,64.160004,62.509876,16925100
10/28/2019,63.830002,64,63.200001,63.279999,61.652508,25068500
10/29/2019,63.240002,63.48,63.060001,63.34,61.710964,19772400
10/30/2019,63.389999,64.059998,63.380001,63.900002,62.256565,19680300
10/31/2019,63.959999,64.330002,63.75,64.25,62.597561,17245900
11/1/2019,64.290001,64.489998,63.98,64.089996,62.441673,15690700
11/4/2019,64.029999,64.07,63.040001,63.27,61.642769,24342800
11/5/2019,62.959999,63.16,62.450001,62.619999,61.00948,21996900
11/6/2019,62.73,63.119999,62.630001,62.860001,61.243309,17771900
11/7/2019,62.529999,62.849998,61.599998,62.009998,60.415169,22844700
11/8/2019,61.82,62.09,61.48,61.75,60.161858,15971500
11/11/2019,61.77,61.84,61.310001,61.369999,59.791634,9273200
11/12/2019,61.380001,61.639999,61.34,61.52,59.937771,12668500
11/13/2019,61.740002,62.57,61.66,62.43,60.824371,16796900
11/14/2019,62.630001,62.970001,62.450001,62.650002,61.038712,16836000
11/15/2019,62.68,62.880001,62.490002,62.849998,61.233562,9965800
11/18/2019,62.98,63.5,62.869999,62.98,61.360222,16490800
11/19/2019,62.799999,63.169998,62.490002,62.82,61.204338,18052400
11/20/2019,62.91,63.290001,62.759998,63.200001,61.574566,19679500
11/21/2019,63.189999,63.25,62.77,62.98,61.360222,14209000
11/22/2019,63.119999,63.150002,62.549999,63,61.379707,11485200
11/25/2019,63.060001,63.240002,62.650002,62.790001,61.17511,20398700
11/26/2019,62.889999,63.09,62.75,63,61.379707,16150100
11/27/2019,62.849998,63.18,62.799999,63.110001,61.486881,12528200
11/29/2019,63.23,63.470001,62.990002,63.049999,61.428421,5121500
12/2/2019,62.75,62.91,62.509998,62.639999,61.028965,18700600
12/3/2019,62.799999,62.93,62.66,62.810001,61.194595,12900900
12/4/2019,62.790001,63.389999,62.740002,63.290001,61.662254,19597700
12/5/2019,63.189999,63.41,63.029999,63.400002,61.769421,12449700
12/6/2019,63.16,63.580002,63.16,63.209999,61.584309,9582200
12/9/2019,63.349998,63.360001,62.880001,62.990002,61.369965,11583200
12/10/2019,62.98,63.110001,62.82,62.98,61.360222,12598800
12/11/2019,63.060001,63.259998,62.830002,63.150002,61.525856,11990100
12/12/2019,63.07,63.32,62.610001,62.880001,61.262798,24117100
12/13/2019,62.91,63.48,62.669998,63.369999,61.740192,19334600
12/16/2019,63.369999,64.199997,63.369999,64.160004,62.509876,20773900
12/17/2019,64.199997,64.769997,64.139999,64.370003,62.714478,16847300
12/18/2019,64.419998,64.720001,64.080002,64.629997,62.967785,12807900
12/19/2019,64.629997,64.739998,64.25,64.650002,62.987274,16901600
12/20/2019,64.129997,64.940002,64.129997,64.589996,63.420284,22971100
12/23/2019,64.699997,64.730003,63.82,63.990002,62.831154,16478000
12/24/2019,64.059998,64.110001,63.740002,64.080002,62.919525,4512800
12/26/2019,64.139999,64.25,63.919998,64.190002,63.027534,6658500
12/27/2019,64.190002,64.379997,64.07,64.379997,63.214088,10301700
12/30/2019,64.110001,64.379997,64.029999,64.370003,63.204277,11934300
12/31/2019,64.360001,64.699997,64.279999,64.620003,63.449749,10808400
1/2/2020,64.730003,64.75,63.57,63.810001,62.654415,19107700
1/3/2020,63.860001,64.169998,63.709999,63.939999,62.782059,17989300
1/6/2020,63.860001,64.190002,63.759998,64,62.840973,10444500
1/7/2020,63.84,63.939999,63.549999,63.91,62.752602,13070300
1/8/2020,63.939999,64.160004,63.779999,63.880001,62.723148,12741400
1/9/2020,63.799999,64.300003,63.790001,64.230003,63.066811,11643100
1/10/2020,64.32,64.629997,64.290001,64.400002,63.23373,10582900
1/13/2020,64.379997,64.980003,64.379997,64.790001,63.616665,12671100
1/14/2020,64.790001,65,64.5,64.980003,63.803226,11495000
1/15/2020,65.120003,66,65.110001,65.889999,64.696747,15885900
1/16/2020,65.940002,66.370003,65.919998,66.300003,65.099319,10898800
1/17/2020,66.279999,66.849998,66.099998,66.760002,65.550995,13258800
1/21/2020,66.910004,67.400002,66.639999,67.370003,66.14994,23876500
1/22/2020,67.5,67.769997,67.400002,67.580002,66.35614,10841600
1/23/2020,67.57,68.199997,67.5,68.18,66.945274,12969300
1/24/2020,68,68.610001,67.889999,68.360001,67.122017,14401500
1/27/2020,68.32,68.800003,68,68.190002,66.955093,11272200
1/28/2020,68.260002,68.760002,68.089996,68.470001,67.230026,17528400
1/29/2020,68.510002,68.75,68.239998,68.650002,67.406761,10799800
1/30/2020,68.610001,69.330002,68.440002,69.290001,68.035172,14404300
1/31/2020,69.160004,69.440002,68.620003,68.980003,67.730789,20474500
2/3/2020,69.089996,69.279999,68.93,69.199997,67.9468,13547900
2/4/2020,69.160004,69.370003,68.440002,68.510002,67.269302,20692100
2/5/2020,68.360001,68.959999,68.209999,68.790001,67.544228,16305100
2/6/2020,68.860001,69.199997,68.639999,68.809998,67.563858,14954100
2/7/2020,68.970001,69.07,68.57,68.589996,67.347847,10696400
2/10/2020,68.699997,68.849998,68.449997,68.849998,67.603134,8139800
2/11/2020,68.970001,69.330002,68.93,69.099998,67.848618,10269700
2/12/2020,68.989998,69.360001,68.769997,69.150002,67.897713,8047400
2/13/2020,69.209999,69.959999,69.099998,69.919998,68.653763,13587600
2/14/2020,70.050003,70.449997,69.949997,70.389999,69.115257,10554100
2/18/2020,70.660004,71.099998,70.459999,70.980003,69.694572,15034800
2/19/2020,70.699997,70.800003,70.209999,70.209999,68.938507,11195500
2/20/2020,70.230003,70.5,69.889999,70.459999,69.183983,14405100
2/21/2020,70.330002,70.790001,70.260002,70.330002,69.056335,11728600
2/24/2020,70.029999,70.419998,69.480003,69.510002,68.25119,20442100
2/25/2020,69.580002,69.699997,67.93,68.050003,66.817635,28138300
2/26/2020,68.050003,68.660004,67.349998,67.360001,66.140121,26192300
2/27/2020,67.089996,67.459999,64.309998,64.330002,63.165001,43575300
2/28/2020,62.860001,62.93,60.700001,62.18,61.053932,90272200
3/2/2020,62.5,65.93,62.349998,65.839996,64.647644,42175800
3/3/2020,65.879997,67.239998,64.769997,65.029999,63.852314,63279000
3/4/2020,65.889999,68.809998,65.849998,68.720001,67.475494,31428200
3/5/2020,67.589996,68.580002,66.860001,67.660004,66.434692,33535100
3/6/2020,65.870003,67.379997,64.610001,67.110001,65.894653,35498900
3/9/2020,63.549999,65.25,62.459999,63.459999,62.310749,37169700
3/10/2020,64.5,65.239998,61.189999,64.050003,62.890068,40808400
3/11/2020,62.619999,62.66,59.970001,60.830002,59.728382,32153900
3/12/2020,57.5,58.540001,54.009998,54.689999,53.699574,38883200
3/13/2020,57.77,57.77,53.650002,57.669998,56.625607,27138600
3/16/2020,52.459999,56.509998,50.919998,51.119999,50.194225,28146700
3/17/2020,52.610001,58.150002,52.040001,57.66,56.615788,38973000
3/18/2020,54.209999,56.009998,52.23,55.150002,54.151245,42846400
3/19/2020,54.639999,54.880001,51.779999,51.939999,50.999374,32729500
3/20/2020,52.419998,52.419998,47.48,47.82,46.953987,28179200
3/23/2020,47.189999,47.189999,43.439999,44.93,44.557995,32009000
3/24/2020,46.650002,49.970001,46.330002,49.759998,49.348,27451400
3/25/2020,49.830002,53.169998,48.330002,51.029999,50.607487,30627500
3/26/2020,51.580002,55.98,51.060001,55.380001,54.921471,30897200
3/27/2020,53.709999,57.689999,53.439999,55.68,55.218987,25093100
3/30/2020,56.16,58.09,55.919998,57.740002,57.261932,29759500
3/31/2020,57.290001,57.290001,55.23,55.41,54.951221,33728200
4/1/2020,53.220001,53.950001,51.080002,52.080002,51.648796,26710300
4/2/2020,51.52,54.080002,51.23,53.709999,53.265297,26560800
4/3/2020,53.119999,53.779999,51.389999,51.790001,51.361195,15936000
4/6/2020,53.689999,56.349998,53.689999,55.790001,55.328079,20689800
4/7/2020,57.290001,57.380001,55.02,55.09,54.633873,24581600
4/8/2020,55.419998,58.57,54.959999,58.09,57.609032,32462800
4/9/2020,58.970001,61.779999,58.75,60.830002,60.326347,43862000
4/13/2020,60.52,60.52,58.310001,58.900002,58.412327,13915200
4/14/2020,60.169998,60.720001,59.59,60.630001,60.128002,17087800
4/15/2020,58.959999,59.68,58.299999,58.630001,58.144562,12835800
4/16/2020,58.880001,59.130001,58.060001,58.639999,58.15448,10400000
4/17/2020,59.889999,60.849998,59.080002,60.529999,60.028831,10777500
4/20/2020,60.150002,60.150002,58.150002,58.240002,57.757793,14380500
4/21/2020,57.189999,57.970001,56.639999,57.279999,56.80574,20391600
4/22/2020,58.360001,59.43,57.970001,58.950001,58.461914,15597000
4/23/2020,59.130001,59.290001,57.630001,57.959999,57.48011,12415200
4/24/2020,58.060001,58.57,57.310001,58.32,57.837128,11986900
4/27/2020,58.66,59.360001,58.599998,58.93,58.442078,12740500
4/28/2020,59.759998,60.400002,58.880001,59.150002,58.660259,14321700
4/29/2020,60.110001,60.139999,58.369999,58.610001,58.124729,11787800
4/30/2020,58.189999,58.279999,56.73,57.259998,56.785904,19366900
5/1/2020,56.59,56.630001,55.560001,55.880001,55.417332,13459300
5/4/2020,55.59,56.439999,55.25,56.299999,55.833855,12013800
5/5/2020,56.5,57.439999,56.43,56.759998,56.290043,11826800
5/6/2020,56.959999,57,54.75,54.830002,54.376026,24075200
5/7/2020,55.459999,55.950001,54.959999,55.049999,54.594204,21133100
5/8/2020,55.720001,56.380001,55.459999,56.16,55.695011,13276600
5/11/2020,55.720001,56.130001,54.93,55.919998,55.456997,15663200
5/12/2020,56.060001,56.310001,55.32,55.43,54.971058,21867200
5/13/2020,55.32,55.32,54.330002,54.959999,54.504948,19822500
5/14/2020,54.41,55.709999,53.66,55.549999,55.090061,23116600
5/15/2020,55.16,55.18,53.970001,54.810001,54.356194,34673800
5/18/2020,56.099998,57.419998,56.099998,57.060001,56.587563,22997900
5/19/2020,56.82,56.98,56.110001,56.119999,55.655342,16327900
5/20/2020,56.700001,57.060001,56.209999,56.43,55.962776,11791600
5/21/2020,56.279999,56.68,55.75,55.860001,55.397499,16934100
5/22/2020,55.860001,56.529999,55.68,56.48,56.012363,11919000
5/26/2020,57.5,57.950001,56.790001,56.849998,56.379299,17535900
5/27/2020,57.849998,57.950001,56.740002,57.529999,57.053669,16492300
5/28/2020,58.27,59.48,58.220001,59.23,58.739594,21291000
5/29/2020,59.09,60,58.740002,59.689999,59.195786,14756600
6/1/2020,59.669998,60.77,59.330002,60.400002,59.89991,14556400
6/2/2020,60.630001,60.830002,59.98,60.790001,60.286678,13999300
6/3/2020,61.119999,61.950001,61.07,61.52,61.010635,12841400
6/4/2020,61.189999,61.32,59.639999,60.419998,59.919739,21839600
6/5/2020,60.970001,62.360001,60.91,61.189999,60.683365,22130000
6/8/2020,61.299999,63.029999,60.860001,62.830002,62.309788,15959500
6/9/2020,62.259998,62.290001,60.889999,61.57,61.060219,18641800
6/10/2020,61.57,61.98,61.009998,61.209999,60.703201,12526000
6/11/2020,60.16,60.330002,58.389999,58.82,58.332989,34710200
6/12/2020,59.939999,60.009998,57.950001,58.669998,58.184231,23202400
6/15/2020,57.630001,59.5,57.130001,59.07,58.580917,16717000
6/16/2020,60.5,60.830002,59.02,59.34,58.848682,17113300
6/17/2020,59.59,59.599998,58.59,59.16,58.670174,12186200
6/18/2020,58.790001,59.310001,58.48,59.150002,58.660259,13253800
6/19/2020,59.619999,59.869999,57.400002,57.490002,57.014004,29265800
6/22/2020,56.98,57.93,56.450001,57.57,57.57,12953200
6/23/2020,58.16,58.23,56.830002,56.990002,56.990002,12622200
6/24/2020,56.560001,56.82,55.790001,56.470001,56.470001,14269200
6/25/2020,56.349998,56.380001,55.119999,55.77,55.77,21751200
6/26/2020,55.689999,56.32,54.810001,55.18,55.18,28731700
6/29/2020,55.619999,56.25,55.029999,56.220001,56.220001,14865300
6/30/2020,56.23,56.740002,55.900002,56.43,56.43,16871900
7/1/2020,56.48,58,56.380001,57.75,57.75,19888700
7/2/2020,58.16,58.52,57.75,57.900002,57.900002,12147600
7/6/2020,58.110001,58.490002,56.720001,57.189999,57.189999,15387700
7/7/2020,56.560001,57.169998,56.290001,56.959999,56.959999,11340500
7/8/2020,56.869999,57.66,56.759998,57.470001,57.470001,12179700
7/9/2020,57.189999,57.220001,55.91,56.700001,56.700001,17875200
7/10/2020,56.700001,57.93,56.68,57.77,57.77,13583200
7/13/2020,57.77,58.400002,57.560001,57.830002,57.830002,17765800
7/14/2020,57.84,58.709999,57.77,58.369999,58.369999,33947100
7/15/2020,58.919998,59.349998,58.029999,58.139999,58.139999,13470200
7/16/2020,58.189999,59.040001,58.040001,58.880001,58.880001,15063200
7/17/2020,59.200001,60.369999,59.150002,60.209999,60.209999,22950800
7/20/2020,60,60.169998,59.32,59.419998,59.419998,12127600
7/21/2020,59.57,60.380001,59.380001,59.689999,59.689999,15108000
7/22/2020,59.419998,60.830002,58.84,60.610001,60.610001,14847100
7/23/2020,60.59,61.110001,60.32,60.68,60.68,19138700
7/24/2020,60.799999,61.419998,59.939999,60.279999,60.279999,17698500
7/27/2020,60.299999,60.34,59.119999,59.549999,59.549999,11319300
7/28/2020,59.400002,60.959999,59.349998,60.450001,60.450001,18896000
7/29/2020,60.560001,60.889999,60.279999,60.73,60.73,9102800
7/30/2020,60.290001,60.740002,59.990002,60.73,60.73,12737900
7/31/2020,60.57,60.990002,59.98,60.830002,60.830002,12114000
8/3/2020,60.790001,60.799999,59.849998,60.169998,60.169998,9651900
8/4/2020,60.130001,61.099998,59.98,60.830002,60.830002,20831800
8/5/2020,60.959999,61,59.810001,60.049999,60.049999,11829300
8/6/2020,59.990002,60.5,59.68,60.400002,60.400002,13788000
8/7/2020,60.16,61.73,60.150002,61.490002,61.490002,15471100
8/10/2020,61.689999,61.950001,61.27,61.470001,61.470001,10604300
8/11/2020,61.540001,61.66,59.98,60.139999,60.139999,25498000
8/12/2020,60.32,61.419998,60.299999,61.009998,61.009998,17285300
8/13/2020,60.759998,61.040001,60.439999,60.91,60.91,15813600
8/14/2020,60.779999,60.860001,60.220001,60.380001,60.380001,8668300
