Date,Open,High,Low,Close,Volume,Dividends,Stock Splits,5d_sma,10d_sma,20d_sma,50d_sma,200d_sma,5v20_trend,10v50_trend,Closev200_trend,RSI
2019-08-19,59.22,59.92,59.12,59.72,14234000,0.0,0,,,,,,0,0,0,
2019-08-20,59.85,59.86,59.37,59.62,15524400,0.0,0,,,,,,0,0,0,
2019-08-21,59.53,60.02,59.48,60.02,14397900,0.0,0,,,,,,0,0,0,
2019-08-22,59.98,60.15,59.56,60.08,14917100,0.0,0,,,,,,0,0,0,
2019-08-23,60.19,60.39,59.14,59.44,21297900,0.0,0,59.775999999999996,,,,,0,0,0,
2019-08-26,59.58,60.14,59.44,60.13,12850700,0.0,0,59.85799999999999,,,,,0,0,0,
2019-08-27,60.42,60.66,60.16,60.23,19224400,0.0,0,59.98,,,,,0,0,0,
2019-08-28,60.3,60.51,59.85,60.07,15895800,0.0,0,59.989999999999995,,,,,0,0,0,
2019-08-29,60.41,60.5,59.92,60.48,17733500,0.0,0,60.07000000000001,,,,,0,0,0,
2019-08-30,60.67,60.72,60.32,60.5,12083000,0.0,0,60.282000000000004,60.028999999999996,,,,0,0,0,
2019-09-03,60.48,61.59,60.42,61.58,21364100,0.0,0,60.572,60.214999999999996,,,,0,0,0,
2019-09-04,61.75,61.9,61.25,61.63,15816600,0.0,0,60.852,60.416,,,,0,0,0,
2019-09-05,61.23,61.36,60.75,60.97,29332400,0.0,0,61.032000000000004,60.511,,,,0,0,0,
2019-09-06,61.12,61.26,60.54,60.72,12663200,0.0,0,61.08,60.575,,,,0,0,0,
2019-09-09,60.6,60.71,60.31,60.43,16824900,0.0,0,61.065999999999995,60.674,,,,0,0,0,
2019-09-10,60.33,60.5,59.98,60.5,19168000,0.0,0,60.85,60.711,,,,0,0,0,
2019-09-11,60.42,61.15,60.14,61.1,22688500,0.0,0,60.74400000000001,60.798,,,,0,0,0,
2019-09-12,61.47,61.65,60.96,61.24,23599700,0.0,0,60.798,60.915,,,,0,0,0,
2019-09-13,60.89,61.3,60.67,60.85,24999100,0.0,0,60.824,60.952,,,,0,0,0,
2019-09-16,60.95,61.0,60.56,60.9,11963000,0.0,0,60.91799999999999,60.992,60.5105,,,bullish,0,0,
2019-09-17,61.01,61.58,60.98,61.43,17329100,0.0,0,61.104,60.97699999999999,60.596000000000004,,,bullish,0,0,
2019-09-18,61.66,61.89,61.28,61.69,20962700,0.0,0,61.221999999999994,60.98299999999998,60.699500000000015,,,bullish,0,0,
2019-09-19,61.89,62.04,61.65,61.98,15020700,0.0,0,61.36999999999999,61.08399999999998,60.797500000000014,,,bullish,0,0,
2019-09-20,62.06,62.3,61.75,62.23,18494600,0.492,0,61.645999999999994,61.23499999999998,60.905000000000015,,,bullish,0,0,
2019-09-23,62.21,62.47,62.08,62.24,8808300,0.0,0,61.914,61.41599999999998,61.045000000000016,,,bullish,0,0,
2019-09-24,62.46,63.18,62.41,62.97,26907900,0.0,0,62.221999999999994,61.66299999999999,61.18700000000001,,,bullish,0,0,
2019-09-25,62.92,63.0,62.59,62.93,16233800,0.0,0,62.46999999999999,61.84599999999998,61.32200000000002,,,bullish,0,0,
2019-09-26,63.08,63.44,62.97,63.26,13373400,0.0,0,62.725999999999985,62.04799999999998,61.48150000000002,,,bullish,0,0,100.0
2019-09-27,63.35,63.39,62.69,63.04,16614800,0.0,0,62.88799999999999,62.266999999999975,61.60950000000001,,,bullish,0,0,100.0
2019-09-30,63.08,63.4,62.9,63.07,10835200,0.0,0,63.05399999999999,62.48399999999998,61.738000000000014,,,bullish,0,0,100.0
2019-10-01,62.86,63.04,62.59,62.93,23783400,0.0,0,63.04599999999998,62.63399999999998,61.805500000000016,,,bullish,0,0,100.0
2019-10-02,62.79,62.9,61.94,62.09,14860300,0.0,0,62.877999999999986,62.67399999999998,61.828500000000005,,,bullish,0,0,100.0
2019-10-03,62.11,62.27,61.79,62.24,29784600,0.0,0,62.67399999999999,62.699999999999974,61.89200000000001,,,bullish,0,0,100.0
2019-10-04,62.32,63.24,62.23,63.1,18583500,0.0,0,62.68599999999999,62.78699999999998,62.011,,,bullish,0,0,100.0
2019-10-07,63.05,63.12,62.7,62.86,12865900,0.0,0,62.64399999999999,62.848999999999975,62.13249999999999,,,bullish,0,0,100.0
2019-10-08,62.82,62.87,62.25,62.28,21595900,0.0,0,62.513999999999996,62.77999999999997,62.22149999999999,,,bullish,0,0,100.0
2019-10-09,62.44,62.82,62.3,62.58,8977000,0.0,0,62.61199999999999,62.74499999999998,62.29549999999999,,,bullish,0,0,100.0
2019-10-10,62.43,62.65,61.96,62.51,15605300,0.0,0,62.66599999999998,62.66999999999998,62.358999999999995,,,bullish,0,0,100.0
2019-10-11,62.45,62.67,62.06,62.28,16077300,0.0,0,62.501999999999974,62.59399999999998,62.430499999999995,,,bullish,0,0,100.0
2019-10-14,62.45,62.48,61.69,61.88,9946000,0.0,0,62.30599999999997,62.47499999999998,62.479499999999994,,,bearish,0,0,92.54218571580664
2019-10-15,61.92,62.06,61.53,61.68,15863300,0.0,0,62.185999999999964,62.34999999999998,62.492,,,bearish,0,0,84.73750015891858
2019-10-16,61.64,61.85,61.36,61.82,16177500,0.0,0,62.03399999999997,62.32299999999998,62.49849999999999,,,bearish,0,0,76.71126358094544
2019-10-17,61.82,62.1,61.67,61.97,12999800,0.0,0,61.92599999999997,62.29599999999998,62.49799999999999,,,bearish,0,0,71.30656135085705
2019-10-18,61.83,62.32,61.67,62.18,14552900,0.0,0,61.90599999999997,62.20399999999997,62.49549999999999,,,bearish,0,0,67.07350042386722
2019-10-21,62.19,62.44,61.99,62.42,11462400,0.0,0,62.013999999999974,62.15999999999997,62.50449999999999,,,bearish,0,0,64.70313553422886
2019-10-22,62.57,62.97,62.38,62.69,15591300,0.0,0,62.21599999999997,62.20099999999998,62.4905,,,bearish,0,0,66.21580342027698
2019-10-23,62.83,63.09,62.67,62.94,12910900,0.0,0,62.439999999999976,62.23699999999998,62.491,,,bearish,0,0,67.94194382398382
2019-10-24,62.97,63.26,62.87,63.15,11461200,0.0,0,62.67599999999997,62.30099999999997,62.4855,,,bullish,0,0,68.06744645186963
2019-10-25,63.2,63.29,62.26,62.51,16925100,0.0,0,62.741999999999976,62.32399999999998,62.459,,,bullish,0,0,66.1162256794816
2019-10-28,62.19,62.35,61.57,61.65,25068500,0.0,0,62.587999999999965,62.30099999999997,62.38800000000001,61.65620000000003,,bullish,bullish,0,62.63569063211405
2019-10-29,61.61,61.85,61.44,61.71,19772400,0.0,0,62.39199999999996,62.30399999999999,62.32700000000001,61.69600000000003,,bullish,bullish,0,58.08803054079847
2019-10-30,61.76,62.41,61.75,62.26,19680300,0.0,0,62.25599999999996,62.34799999999998,62.33550000000001,61.74880000000004,,bearish,bullish,0,56.811567232464526
2019-10-31,62.32,62.68,62.11,62.6,17245900,0.0,0,62.14599999999997,62.41099999999998,62.35350000000001,61.80040000000004,,bearish,bullish,0,58.08133352743168
2019-11-01,62.64,62.83,62.33,62.44,15690700,0.0,0,62.13199999999997,62.436999999999976,62.32050000000002,61.847600000000035,,bearish,bullish,0,60.2820587043923
2019-11-04,62.38,62.42,61.42,61.64,24342800,0.0,0,62.129999999999974,62.35899999999998,62.259500000000024,61.89160000000003,,bearish,bullish,0,60.039591652977194
2019-11-05,61.34,61.54,60.84,61.01,21996900,0.0,0,61.989999999999974,62.19099999999999,62.196000000000026,61.909200000000034,,bearish,bullish,0,55.19790210890901
2019-11-06,61.12,61.5,61.02,61.24,17771900,0.0,0,61.78599999999998,62.02099999999998,62.12900000000003,61.92940000000003,,bearish,bullish,0,51.1912856559103
2019-11-07,60.92,61.23,60.02,60.42,22844700,0.0,0,61.34999999999998,61.747999999999976,62.02450000000003,61.93640000000003,,bearish,bearish,0,43.07346427032436
2019-11-08,60.23,60.49,59.9,60.16,15971500,0.0,0,60.89399999999997,61.51299999999998,61.91850000000004,61.93000000000003,,bearish,bearish,0,35.32660287939878
2019-11-11,60.18,60.25,59.73,59.79,9273200,0.0,0,60.52399999999998,61.32699999999998,61.814000000000036,61.915800000000026,,bearish,bearish,0,28.294408784069617
2019-11-12,59.8,60.05,59.76,59.94,12668500,0.0,0,60.30999999999998,61.14999999999998,61.72700000000003,61.88300000000003,,bearish,bearish,0,23.158596429253464
2019-11-13,60.15,60.96,60.07,60.82,16796900,0.0,0,60.22599999999998,61.005999999999986,61.677000000000035,61.86680000000003,,bearish,bearish,0,20.10609666019691
2019-11-14,61.02,61.35,60.84,61.04,16836000,0.0,0,60.34999999999998,60.84999999999998,61.630500000000026,61.86820000000003,,bearish,bearish,0,18.4534951780214
2019-11-15,61.07,61.26,60.88,61.23,9965800,0.0,0,60.563999999999986,60.72899999999997,61.58300000000003,61.878400000000035,,bearish,bearish,0,17.998309359333547
2019-11-18,61.36,61.87,61.25,61.36,16490800,0.0,0,60.877999999999986,60.70099999999998,61.530000000000015,61.89700000000004,,bearish,bearish,0,17.6085143798676
2019-11-19,61.18,61.55,60.88,61.2,18052400,0.0,0,61.12999999999998,60.719999999999985,61.455500000000015,61.91100000000004,,bearish,bearish,0,16.446777315666054
2019-11-20,61.29,61.66,61.15,61.57,19679500,0.0,0,61.27999999999999,60.752999999999986,61.387000000000015,61.92040000000004,,bearish,bearish,0,15.384622057150537
2019-11-21,61.56,61.62,61.16,61.36,14209000,0.0,0,61.34399999999998,60.846999999999994,61.2975,61.92280000000005,,bullish,bearish,0,14.338949432176804
2019-11-22,61.5,61.53,60.94,61.38,11485200,0.0,0,61.37399999999998,60.968999999999994,61.24100000000001,61.933400000000056,,bullish,bearish,0,14.090650851792716
2019-11-25,61.44,61.61,61.04,61.18,20398700,0.0,0,61.33799999999998,61.10799999999999,61.21750000000001,61.93900000000005,,bullish,bearish,0,15.125540827130365
2019-11-26,61.27,61.47,61.14,61.38,16150100,0.0,0,61.37399999999998,61.251999999999995,61.20100000000001,61.93800000000006,,bullish,bearish,0,16.022720346430063
2019-11-27,61.23,61.56,61.18,61.49,12528200,0.0,0,61.35799999999998,61.318999999999996,61.16250000000001,61.934000000000054,,bullish,bearish,0,22.74432760536979
2019-11-29,61.6,61.84,61.37,61.43,5121500,0.0,0,61.37199999999998,61.35799999999999,61.10400000000002,61.923000000000044,,bullish,bearish,0,29.914717719648976
2019-12-02,61.14,61.29,60.9,61.03,18700600,0.0,0,61.30199999999998,61.33799999999999,61.03350000000002,61.89900000000005,,bullish,bearish,0,36.14633646396583
2019-12-03,61.18,61.31,61.05,61.19,12900900,0.0,0,61.303999999999974,61.32099999999999,61.01100000000001,61.87800000000006,,bullish,bearish,0,41.76733798687846
2019-12-04,61.18,61.76,61.13,61.66,19597700,0.0,0,61.35999999999997,61.36699999999998,61.043500000000016,61.851800000000054,,bullish,bearish,0,45.25493891509474
2019-12-05,61.56,61.78,61.41,61.77,12449700,0.0,0,61.41599999999996,61.38699999999998,61.070000000000014,61.82860000000006,,bullish,bearish,0,48.16062158901657
2019-12-06,61.54,61.94,61.54,61.58,9582200,0.0,0,61.445999999999955,61.40899999999998,61.12800000000001,61.79500000000005,,bullish,bearish,0,49.54339534741464
2019-12-09,61.72,61.73,61.26,61.37,11583200,0.0,0,61.51399999999997,61.40799999999998,61.1885,61.76160000000005,,bullish,bearish,0,49.58477336754464
2019-12-10,61.36,61.49,61.2,61.36,12598800,0.0,0,61.547999999999966,61.42599999999999,61.266999999999996,61.72740000000005,,bullish,bearish,0,50.28723764853529
2019-12-11,61.44,61.63,61.21,61.53,11990100,0.0,0,61.52199999999998,61.44099999999999,61.34649999999999,61.69940000000006,,bullish,bearish,0,50.09929780838791
2019-12-12,61.45,61.69,61.0,61.26,24117100,0.0,0,61.41999999999998,61.417999999999985,61.3685,61.682800000000064,,bullish,bearish,0,49.60021873845851
2019-12-13,61.29,61.85,61.06,61.74,19334600,0.0,0,61.451999999999984,61.44899999999999,61.403499999999994,61.67280000000006,,bullish,bearish,0,51.47433445599229
2019-12-16,61.74,62.55,61.74,62.51,20773900,0.0,0,61.679999999999986,61.596999999999994,61.467499999999994,61.661000000000065,,bullish,bearish,0,57.72824737069578
2019-12-17,62.55,63.1,62.49,62.71,16847300,0.0,0,61.949999999999974,61.749,61.535000000000004,61.658000000000065,,bullish,bullish,0,62.88018727723183
2019-12-18,62.76,63.06,62.43,62.97,12807900,0.0,0,62.237999999999985,61.88000000000001,61.6235,61.671800000000054,,bullish,bullish,0,67.61078211029745
2019-12-19,62.97,63.07,62.6,62.99,16901600,0.0,0,62.58399999999999,62.00200000000001,61.694500000000005,61.68000000000006,,bullish,bullish,0,71.70414595798154
2019-12-20,62.97,63.76,62.97,63.42,22971100,0.501,0,62.919999999999995,62.186,61.797500000000014,61.69820000000005,,bullish,bullish,0,76.58626693793546
2019-12-23,63.53,63.56,62.66,62.83,16478000,0.0,0,62.983999999999995,62.33200000000001,61.870000000000005,61.709200000000045,,bullish,bullish,0,79.23397303009251
2019-12-24,62.9,62.95,62.59,62.92,4512800,0.0,0,63.025999999999996,62.488,61.95700000000001,61.73000000000005,,bullish,bullish,0,81.01069533629895
2019-12-26,62.98,63.09,62.76,63.03,6658500,0.0,0,63.03799999999999,62.638,62.0395,61.757000000000055,,bullish,bullish,0,82.61276483643394
2019-12-27,63.03,63.21,62.91,63.21,10301700,0.0,0,63.08199999999998,62.833000000000006,62.1255,61.78480000000005,,bullish,bullish,0,84.44146586750169
2019-12-30,62.95,63.21,62.87,63.2,11934300,0.0,0,63.037999999999975,62.979000000000006,62.214,61.80940000000005,,bullish,bullish,0,86.19672948047204
2019-12-31,63.19,63.53,63.12,63.45,10808400,0.0,0,63.16199999999998,63.073000000000015,62.335,61.83480000000005,,bullish,bullish,0,87.87864685483291
2020-01-02,63.56,63.58,62.42,62.65,19107700,0.0,0,63.10799999999997,63.06700000000001,62.408,61.83940000000005,,bullish,bullish,0,88.67501985352112
2020-01-03,62.7,63.01,62.56,62.78,17989300,0.0,0,63.05799999999997,63.048,62.464,61.84120000000005,,bullish,bullish,0,89.66720659079706
2020-01-06,62.7,63.03,62.61,62.84,10444500,0.0,0,62.98399999999998,63.033,62.5175,61.839200000000055,,bullish,bullish,0,90.32763027232653
2020-01-07,62.68,62.78,62.4,62.75,13070300,0.0,0,62.893999999999984,62.96600000000001,62.576,61.83120000000005,,bullish,bullish,0,90.4707394002869
2020-01-08,62.78,63.0,62.62,62.72,12741400,0.0,0,62.74799999999999,62.955000000000005,62.6435,61.83540000000004,,bullish,bullish,0,90.47706175496744
2020-01-09,62.64,63.14,62.63,63.07,11643100,0.0,0,62.831999999999994,62.97000000000001,62.729000000000006,61.86380000000005,,bullish,bullish,0,90.5446207666095
2020-01-10,63.16,63.46,63.13,63.23,10582900,0.0,0,62.922000000000004,62.99000000000002,62.81400000000001,61.89420000000005,,bullish,bullish,0,90.71487426077272
2020-01-13,63.21,63.8,63.21,63.62,12671100,0.0,0,63.077999999999996,63.03100000000002,62.932,61.92140000000004,,bullish,bullish,0,90.86252871218335
2020-01-14,63.62,63.82,63.33,63.8,11495000,0.0,0,63.288,63.09100000000001,63.035000000000004,61.94540000000004,,bullish,bullish,0,91.56327241448379
2020-01-15,63.94,64.8,63.93,64.7,15885900,0.0,0,63.68399999999999,63.21600000000001,63.14450000000001,61.99060000000004,,bullish,bullish,0,92.67361249041548
2020-01-16,64.75,65.17,64.73,65.1,10898800,0.0,0,64.09,63.46100000000001,63.263999999999996,62.05980000000004,,bullish,bullish,0,93.71029811627692
2020-01-17,65.08,65.64,64.9,65.55,13258800,0.0,0,64.554,63.738000000000014,63.392999999999994,62.15060000000004,,bullish,bullish,0,94.63455579876336
2020-01-21,65.7,66.18,65.43,66.15,23876500,0.0,0,65.05999999999999,64.069,63.551,62.248800000000045,,bullish,bullish,0,95.52695147804916
2020-01-22,66.28,66.54,66.18,66.36,10841600,0.0,0,65.57199999999999,64.43,63.69799999999999,62.367600000000046,,bullish,bullish,0,96.19861174944792
2020-01-23,66.35,66.96,66.28,66.95,12969300,0.0,0,66.02199999999999,64.85300000000001,63.903999999999996,62.50340000000005,,bullish,bullish,0,96.93176507711917
2020-01-24,66.77,67.37,66.66,67.12,14401500,0.0,0,66.426,65.25800000000001,64.11399999999999,62.65000000000005,,bullish,bullish,0,97.46349819984572
2020-01-27,67.08,67.55,66.77,66.96,11272200,0.0,0,66.708,65.631,64.31049999999999,62.79040000000005,,bullish,bullish,0,97.84525976053922
2020-01-28,67.02,67.51,66.86,67.23,17528400,0.0,0,66.924,65.992,64.51149999999998,62.91860000000004,,bullish,bullish,0,98.16812313518187
2020-01-29,67.27,67.5,67.0,67.41,10799800,0.0,0,67.13399999999999,66.35300000000001,64.722,63.04600000000004,,bullish,bullish,0,98.4328583031859
2020-01-30,67.37,68.07,67.2,68.04,14404300,0.0,0,67.352,66.687,64.95149999999998,63.18220000000004,,bullish,bullish,0,98.65472611531412
2020-01-31,67.91,68.18,67.38,67.73,20474500,0.0,0,67.474,66.95,65.20549999999999,63.30960000000004,,bullish,bullish,0,98.81791003929207
2020-02-03,67.84,68.03,67.68,67.95,13547900,0.0,0,67.672,67.19000000000001,65.46399999999998,63.44460000000004,,bullish,bullish,0,98.94990445087164
2020-02-04,67.91,68.11,67.2,67.27,20692100,0.0,0,67.67999999999999,67.302,65.68549999999999,63.558600000000034,,bullish,bullish,0,99.04220491429967
2020-02-05,67.12,67.71,66.97,67.54,16305100,0.0,0,67.70599999999999,67.42,65.92499999999998,63.68220000000003,,bullish,bullish,0,99.11107251415159
2020-02-06,67.61,67.95,67.4,67.56,14954100,0.0,0,67.60999999999999,67.481,66.16699999999999,63.805800000000026,,bullish,bullish,0,99.16694734799673
2020-02-07,67.72,67.82,67.33,67.35,10696400,0.0,0,67.53399999999999,67.50399999999999,66.38099999999999,63.92920000000003,,bullish,bullish,0,99.20626154526464
2020-02-10,67.46,67.6,67.21,67.6,8139800,0.0,0,67.464,67.568,66.59949999999998,64.05360000000002,,bullish,bullish,0,99.23747979135216
2020-02-11,67.72,68.07,67.68,67.85,10269700,0.0,0,67.58,67.63,66.81099999999998,64.18080000000003,,bullish,bullish,0,99.26928386321934
2020-02-12,67.74,68.1,67.52,67.9,8047400,0.0,0,67.65199999999999,67.679,67.01599999999999,64.31020000000004,,bullish,bullish,0,99.28962799800759
2020-02-13,67.96,68.69,67.85,68.65,13587600,0.0,0,67.86999999999999,67.74,67.21349999999998,64.46260000000002,,bullish,bullish,0,99.32235061892963
2020-02-14,68.78,69.17,68.68,69.12,10554100,0.0,0,68.224,67.87899999999999,67.4145,64.62120000000003,,bullish,bullish,0,99.36670297513632
2020-02-18,69.38,69.81,69.18,69.69,15034800,0.0,0,68.64200000000001,68.053,67.6215,64.78180000000003,,bullish,bullish,0,99.41376287589843
2020-02-19,69.42,69.52,68.94,68.94,11195500,0.0,0,68.86000000000001,68.22,67.761,64.92520000000003,,bullish,bullish,0,99.44155763558786
2020-02-20,68.96,69.22,68.62,69.18,14405100,0.0,0,69.11600000000001,68.38400000000001,67.90200000000002,65.07720000000003,,bullish,bullish,0,99.4620244498635
2020-02-21,69.06,69.51,68.99,69.06,11728600,0.0,0,69.19800000000001,68.53400000000002,68.00750000000001,65.23100000000004,,bullish,bullish,0,99.48570624475667
2020-02-24,68.76,69.14,68.22,68.25,20442100,0.0,0,69.024,68.62400000000001,68.06400000000001,65.36880000000002,,bullish,bullish,0,99.49114748993499
2020-02-25,68.32,68.44,66.7,66.82,28138300,0.0,0,68.45,68.54600000000002,68.057,65.47460000000002,,bullish,bullish,0,97.81933451801035
2020-02-26,66.82,67.42,66.13,66.14,26192300,0.0,0,67.89,68.37500000000001,68.00250000000001,65.57220000000002,,bearish,bullish,0,92.6056932760079
2020-02-27,65.88,66.24,63.15,63.17,43575300,0.0,0,66.688,67.90200000000002,67.79050000000001,65.60080000000002,,bearish,bullish,0,78.48036301643523
2020-02-28,61.72,61.79,59.6,61.05,90272200,0.0,0,65.086,67.14200000000001,67.441,65.57160000000003,,bearish,bullish,0,63.509123597914645
2020-03-02,61.37,64.74,61.22,64.65,42175800,0.0,0,64.36600000000001,66.69500000000001,67.287,65.61040000000003,,bearish,bullish,0,57.93585091583912
2020-03-03,64.69,66.02,63.6,63.85,63279000,0.0,0,63.77200000000001,66.11100000000002,67.08200000000001,65.62800000000003,,bearish,bullish,0,51.355033411625044
2020-03-04,64.7,67.56,64.66,67.48,31428200,0.0,0,64.04000000000002,65.965,67.0925,65.71780000000004,,bearish,bullish,0,50.70378478815342
2020-03-05,66.37,67.34,65.65,66.43,33535100,0.0,0,64.69200000000002,65.69000000000001,67.037,65.77800000000003,,bearish,bearish,0,47.29010743977201
2020-03-06,64.68,66.16,63.44,65.89,35498900,0.0,0,65.66000000000001,65.373,66.95350000000002,65.83920000000003,,bearish,bearish,0,42.77746082393205
2020-03-09,62.4,64.07,61.33,62.31,37169700,0.0,0,65.19200000000001,64.779,66.70150000000002,65.82700000000003,,bearish,bearish,0,34.643208270995615
2020-03-10,63.33,64.06,60.08,62.89,40808400,0.0,0,65.0,64.386,66.46600000000004,65.82420000000002,,bearish,bearish,0,29.663452505748182
2020-03-11,61.49,61.53,58.88,59.73,32153900,0.0,0,63.45,63.74499999999999,66.06000000000003,65.75460000000002,,bearish,bearish,0,23.88751989770121
2020-03-12,56.46,57.48,53.03,53.7,38883200,0.0,0,60.903999999999996,62.798,65.35000000000004,65.56460000000001,,bearish,bearish,0,17.815402601619283
2020-03-13,56.72,56.72,52.68,56.63,27138600,0.0,0,59.052,62.35600000000001,64.74900000000004,65.42820000000002,,bearish,bearish,0,14.75891220540592
2020-03-16,51.51,55.49,50.0,50.19,28146700,0.0,0,56.628,60.910000000000004,63.80250000000003,65.17900000000003,,bearish,bearish,0,11.672454171338373
2020-03-17,51.66,57.1,51.1,56.62,38973000,0.0,0,55.374,60.187,63.14900000000002,65.05580000000002,,bearish,bearish,0,10.339446360890847
2020-03-18,53.23,55.0,51.28,54.15,42846400,0.0,0,54.257999999999996,58.854,62.40950000000002,64.88200000000002,,bearish,bearish,0,9.260367886263936
2020-03-19,53.65,53.89,50.84,51.0,32729500,0.0,0,53.717999999999996,57.31099999999999,61.500500000000024,64.64700000000002,,bearish,bearish,0,8.229773367889052
2020-03-20,51.47,51.47,46.62,46.95,28179200,0.0,0,51.782,55.416999999999994,60.395000000000024,64.33160000000002,,bearish,bearish,0,6.79538830410803
2020-03-23,46.8,46.8,43.08,44.56,32009000,0.474,0,50.65599999999999,53.64200000000001,59.210500000000025,63.96140000000001,,bearish,bearish,0,5.641384535966864
2020-03-24,46.26,49.56,45.95,49.35,27451400,0.0,0,49.202,52.28800000000001,58.337000000000025,63.68380000000001,,bearish,bearish,0,4.813931888894743
2020-03-25,49.42,52.73,47.93,50.61,30627500,0.0,0,48.494,51.37600000000001,57.56050000000001,63.423600000000015,,bearish,bearish,0,4.230792319731236
2020-03-26,51.15,55.52,50.64,54.92,30897200,0.0,0,49.278,51.498000000000005,57.14800000000001,63.24600000000001,,bearish,bearish,0,3.879822880310556
2020-03-27,53.27,57.21,53.0,55.22,25093100,0.0,0,50.932,51.357000000000006,56.85650000000002,63.05640000000001,,bearish,bearish,0,3.6680330391894245
2020-03-30,55.7,57.61,55.46,57.26,29759500,0.0,0,53.472,52.06400000000001,56.48700000000001,62.89960000000002,,bearish,bearish,0,3.5044422039986785
2020-03-31,56.82,56.82,54.77,54.95,33728200,0.0,0,54.592,51.89700000000001,56.042000000000016,62.68760000000001,,bearish,bearish,0,3.367135874451108
2020-04-01,52.78,53.5,50.66,51.65,26710300,0.0,0,54.79999999999999,51.64700000000001,55.250500000000024,62.39760000000001,,bearish,bearish,0,3.3072872436088403
2020-04-02,51.09,53.63,50.81,53.27,26560800,0.0,0,54.469999999999985,51.87400000000001,54.592500000000015,62.13580000000001,,bearish,bearish,0,3.206682234871849
2020-04-03,52.68,53.33,50.96,51.36,15936000,0.0,0,53.69799999999998,52.31500000000001,53.86600000000001,61.82400000000001,,bearish,bearish,0,4.298369619208913
2020-04-06,53.25,55.88,53.25,55.33,20689800,0.0,0,53.311999999999976,53.39200000000001,53.51700000000001,61.588200000000015,,bearish,bearish,0,4.241567075258018
2020-04-07,56.82,56.9,54.56,54.63,24581600,0.0,0,53.247999999999976,53.92,53.104000000000006,61.341600000000014,,bullish,bearish,0,4.745976933728784
2020-04-08,54.96,58.09,54.5,57.61,32462800,0.0,0,54.43999999999998,54.620000000000005,52.998000000000005,61.14920000000002,,bullish,bearish,0,11.647873522183986
2020-04-09,58.48,61.27,58.26,60.33,43862000,0.0,0,55.85199999999999,55.161000000000016,53.329499999999996,61.00760000000002,,bullish,bearish,0,23.699648079811
2020-04-13,60.02,60.02,57.83,58.41,13915200,0.0,0,57.261999999999986,55.480000000000004,53.418499999999995,60.81500000000002,,bullish,bearish,0,33.770451730295136
2020-04-14,59.67,60.22,59.1,60.13,17087800,0.0,0,58.221999999999994,55.76700000000001,53.915499999999994,60.66300000000002,,bullish,bearish,0,40.367836650923245
2020-04-15,58.47,59.19,57.82,58.14,12835800,0.0,0,58.92399999999999,56.086,53.99150000000001,60.46680000000002,,bullish,bearish,0,44.52483214989608
2020-04-16,58.39,58.64,57.58,58.15,10400000,0.0,0,59.03199999999998,56.736000000000004,54.191500000000005,60.284400000000026,,bullish,bearish,0,46.2555444739161
2020-04-17,59.39,60.35,58.59,60.03,10777500,0.0,0,58.971999999999994,57.412,54.64300000000001,60.13420000000003,,bullish,bearish,0,48.81639578565498
2020-04-20,59.65,59.65,57.67,57.76,14380500,0.0,0,58.841999999999985,58.052,55.1835,59.93820000000003,,bullish,bearish,0,49.08796514161057
2020-04-21,56.72,57.49,56.17,56.81,20391600,0.0,0,58.17799999999998,58.19999999999999,55.79600000000001,59.72740000000003,,bullish,bearish,0,50.147617573098145
2020-04-22,57.88,58.94,57.49,58.46,15597000,0.0,0,58.24199999999998,58.58299999999999,56.25150000000001,59.54460000000004,,bullish,bearish,0,53.92850816299356
2020-04-23,58.64,58.8,57.15,57.48,12415200,0.0,0,58.10799999999999,58.56999999999999,56.59500000000001,59.33720000000004,,bullish,bearish,0,56.14296454954435
2020-04-24,57.58,58.09,56.84,57.84,11986900,0.0,0,57.67,58.32099999999999,56.74100000000001,59.13600000000004,,bullish,bearish,0,59.37934363553263
2020-04-27,58.17,58.87,58.11,58.44,12740500,0.0,0,57.806000000000004,58.32399999999999,56.90200000000001,58.93180000000004,,bullish,bearish,0,60.871728526849765
2020-04-28,59.27,59.9,58.39,58.66,14321700,0.0,0,58.17600000000001,58.176999999999985,56.972000000000016,58.722600000000035,,bullish,bearish,0,62.779997735705265
2020-04-29,59.61,59.64,57.89,58.12,11787800,0.0,0,58.10800000000002,58.17499999999999,57.130500000000005,58.491200000000035,,bullish,bearish,0,63.02575035889516
2020-04-30,57.71,57.8,56.26,56.79,19366900,0.0,0,57.97000000000001,58.03899999999999,57.3875,58.24820000000003,,bullish,bearish,0,60.061364513577935
2020-05-01,56.12,56.16,55.1,55.42,13459300,0.0,0,57.48600000000001,57.57799999999999,57.495000000000005,57.97300000000004,,bearish,bearish,0,57.59719462411353
2020-05-04,55.13,55.97,54.79,55.83,12013800,0.0,0,56.96400000000001,57.38499999999999,57.718500000000006,57.70840000000004,,bearish,bearish,0,54.15603914080676
2020-05-05,56.03,56.96,55.96,56.29,11826800,0.0,0,56.49000000000001,57.33299999999999,57.76650000000001,57.469200000000036,,bearish,bearish,0,52.69729460866125
2020-05-06,56.49,56.53,54.3,54.38,24075200,0.0,0,55.742000000000004,56.92499999999999,57.754000000000005,57.22040000000003,,bearish,bearish,0,49.75604101988022
2020-05-07,55.0,55.49,54.5,54.59,21133100,0.0,0,55.30200000000001,56.63599999999999,57.60300000000001,56.98940000000004,,bearish,bearish,0,45.78495600848952
2020-05-08,55.26,55.91,55.0,55.7,13276600,0.0,0,55.358000000000004,56.42199999999999,57.37150000000001,56.84000000000004,,bearish,bearish,0,44.341747193630766
2020-05-11,55.26,55.67,54.48,55.46,15663200,0.0,0,55.284000000000006,56.124,57.22400000000001,56.72820000000004,,bearish,bearish,0,43.37677486142086
2020-05-12,55.6,55.84,54.86,54.97,21867200,0.0,0,55.019999999999996,55.75500000000001,56.96600000000001,56.534600000000026,,bearish,bearish,0,40.8988426555489
2020-05-13,54.86,54.86,53.88,54.5,19822500,0.0,0,55.044,55.39300000000001,56.784000000000006,56.34760000000003,,bearish,bearish,0,38.857649028422586
2020-05-14,53.96,55.25,53.22,55.09,23116600,0.0,0,55.143999999999984,55.22300000000001,56.63099999999999,56.09980000000003,,bearish,bearish,0,37.02141789686285
2020-05-15,54.7,54.72,53.52,54.36,34673800,0.0,0,54.87599999999999,55.11700000000002,56.34749999999999,55.85840000000004,,bearish,bearish,0,34.42242863183405
2020-05-18,55.64,56.94,55.64,56.59,22997900,0.0,0,55.10199999999999,55.19300000000002,56.28899999999999,55.672400000000046,,bearish,bearish,0,33.150856342747176
2020-05-19,56.35,56.51,55.65,55.66,16327900,0.0,0,55.23999999999999,55.13000000000002,56.2315,55.53940000000004,,bearish,bearish,0,31.65433739852506
2020-05-20,56.23,56.59,55.74,55.96,11791600,0.0,0,55.53199999999998,55.288000000000025,56.1065,55.40080000000005,,bearish,bearish,0,31.143500150656365
2020-05-21,55.81,56.21,55.29,55.4,16934100,0.0,0,55.59399999999998,55.369000000000014,56.0025,55.31420000000005,,bearish,bullish,0,31.130463335717607
2020-05-22,55.4,56.06,55.22,56.01,11919000,0.0,0,55.92399999999998,55.40000000000001,55.911,55.360400000000055,,bullish,bullish,0,31.408754847364165
2020-05-26,57.02,57.47,56.32,56.38,17535900,0.0,0,55.88199999999997,55.492000000000004,55.80800000000001,55.35540000000005,,bullish,bullish,0,31.55767457842161
2020-05-27,57.37,57.47,56.27,57.05,16492300,0.0,0,56.15999999999997,55.7,55.7275,55.49260000000006,,bullish,bullish,0,35.997194441414564
2020-05-28,57.79,58.99,57.74,58.74,21291000,0.0,0,56.71599999999997,56.124,55.758500000000005,55.53500000000005,,bullish,bullish,0,42.26573456242265
2020-05-29,58.6,59.5,58.25,59.2,14756600,0.0,0,57.47599999999998,56.535000000000004,55.879000000000005,55.63600000000005,,bullish,bullish,0,46.98197138125618
2020-06-01,59.18,60.27,58.84,59.9,14556400,0.0,0,58.25399999999998,57.089,56.10300000000001,55.81400000000005,,bullish,bullish,0,52.30473119932826
2020-06-02,60.13,60.33,59.48,60.29,13999300,0.0,0,59.03599999999998,57.45899999999999,56.32600000000001,56.08080000000005,,bullish,bullish,0,57.77486207142444
2020-06-03,60.61,61.44,60.56,61.01,12841400,0.0,0,59.827999999999975,57.99399999999999,56.56200000000001,56.40980000000006,60.97279999999998,bullish,bullish,bullish,63.31881809266469
2020-06-04,60.68,60.81,59.15,59.92,21839600,0.0,0,60.06399999999998,58.389999999999986,56.83900000000001,56.621200000000066,60.97379999999998,bullish,bullish,bearish,66.8015303154495
2020-06-05,60.47,61.84,60.41,60.68,22130000,0.0,0,60.35999999999998,58.917999999999985,57.14350000000002,56.82260000000006,60.97909999999998,bullish,bullish,bearish,70.71907288124078
2020-06-08,60.79,62.51,60.36,62.31,15959500,0.0,0,60.841999999999985,59.54799999999998,57.47400000000001,56.970400000000055,60.99054999999998,bullish,bullish,bullish,73.73946209438756
2020-06-09,61.74,61.77,60.39,61.06,18641800,0.0,0,60.99599999999998,60.01599999999998,57.754000000000005,57.08720000000006,60.99544999999998,bullish,bullish,bullish,76.2320590548317
2020-06-10,61.06,61.47,60.5,60.7,12526000,0.0,0,60.93399999999998,60.380999999999986,58.04050000000001,57.15600000000005,61.00174999999997,bullish,bullish,bearish,78.18906436784218
2020-06-11,59.66,59.83,57.91,58.33,34710200,0.0,0,60.61599999999997,60.33999999999999,58.232000000000006,57.223600000000054,60.99274999999998,bullish,bullish,bearish,79.32243956889097
2020-06-12,59.44,59.51,57.47,58.18,23202400,0.0,0,60.11599999999997,60.23799999999998,58.38650000000001,57.35420000000005,60.98249999999998,bullish,bullish,bearish,80.14532430085502
2020-06-15,57.15,59.01,56.66,58.58,16717000,0.0,0,59.36999999999997,60.10599999999998,58.59750000000001,57.46040000000004,60.97504999999998,bullish,bullish,bearish,80.97208265533223
2020-06-16,60.0,60.33,58.53,58.85,17113300,0.0,0,58.927999999999976,59.96199999999999,58.71050000000001,57.61020000000004,60.96689999999999,bullish,bullish,bearish,81.64551280700405
2020-06-17,59.1,59.11,58.1,58.67,12186200,0.0,0,58.52199999999998,59.72799999999999,58.86100000000001,57.67700000000004,60.95774999999999,bearish,bullish,bearish,81.52467562219124
2020-06-18,58.3,58.82,58.0,58.66,13253800,0.0,0,58.58799999999998,59.60199999999999,58.996000000000016,57.75760000000004,60.94314999999999,bearish,bullish,bearish,80.53445851767393
2020-06-19,59.13,59.37,56.92,57.01,29265800,0.0,0,58.35399999999997,59.23499999999999,59.07650000000001,57.74560000000004,60.92004999999999,bearish,bullish,bearish,75.26548546019728
2020-06-22,56.98,57.93,56.45,57.57,12953200,0.476,0,58.15199999999997,58.76099999999999,59.154500000000006,57.69040000000005,60.90304999999999,bearish,bullish,bearish,70.5847827137174
2020-06-23,58.16,58.23,56.83,56.99,12622200,0.0,0,57.77999999999997,58.354,59.185,57.66200000000004,60.8844,bearish,bullish,bearish,64.22741316267414
2020-06-24,56.56,56.82,55.79,56.47,14269200,0.0,0,57.339999999999975,57.931,59.156000000000006,57.588800000000035,60.86459999999999,bearish,bullish,bearish,59.2918249486804
2020-06-25,56.35,56.38,55.12,55.77,21751200,0.0,0,56.761999999999965,57.67499999999999,59.00750000000001,57.54140000000004,60.84094999999999,bearish,bullish,bearish,53.04434772340359
2020-06-26,55.69,56.32,54.81,55.18,28731700,0.0,0,56.39599999999997,57.374999999999986,58.80650000000001,57.482000000000035,60.81134999999999,bearish,bearish,bearish,45.540257205090676
2020-06-29,55.62,56.25,55.03,56.22,14865300,0.0,0,56.12599999999996,57.13899999999999,58.6225,57.40580000000003,60.78624999999999,bearish,bearish,bearish,41.2719608213977
2020-06-30,56.23,56.74,55.9,56.43,16871900,0.0,0,56.01399999999997,56.89699999999998,58.429500000000004,57.37920000000002,60.764149999999994,bearish,bearish,bearish,37.897268417820705
2020-07-01,56.48,58.0,56.38,57.75,19888700,0.0,0,56.26999999999996,56.804999999999986,58.26650000000001,57.39800000000002,60.74839999999999,bearish,bearish,bearish,37.449340565424215
2020-07-02,58.16,58.52,57.75,57.9,12147600,0.0,0,56.695999999999955,56.728999999999985,58.16550000000001,57.38680000000002,60.730749999999986,bearish,bearish,bearish,37.22062352348083
2020-07-06,58.11,58.49,56.72,57.19,15387700,0.0,0,57.097999999999956,56.74699999999998,57.99100000000001,57.38100000000002,60.70824999999999,bearish,bearish,bearish,36.04376055080827
2020-07-07,56.56,57.17,56.29,56.96,11340500,0.0,0,57.24599999999996,56.68599999999998,57.723500000000016,57.36340000000002,60.68314999999998,bearish,bearish,bearish,34.44880668873367
2020-07-08,56.87,57.66,56.76,57.47,12179700,0.0,0,57.453999999999965,56.73399999999998,57.54400000000002,57.344000000000015,60.65934999999999,bearish,bearish,bearish,33.4371087354217
2020-07-09,57.19,57.22,55.91,56.7,17875200,0.0,0,57.24399999999996,56.756999999999984,57.344000000000015,57.304800000000014,60.63164999999999,bearish,bearish,bearish,31.794665179662033
2020-07-10,56.7,57.93,56.68,57.77,13583200,0.0,0,57.21799999999996,56.95699999999998,57.31600000000002,57.29780000000002,60.60565,bearish,bearish,bearish,33.16556036583148
2020-07-13,57.77,58.4,57.56,57.83,17765800,0.0,0,57.34599999999996,57.221999999999994,57.29850000000001,57.31860000000002,60.580149999999996,bullish,bearish,bearish,33.65683745990823
2020-07-14,57.84,58.71,57.77,58.37,33947100,0.0,0,57.627999999999965,57.43699999999999,57.28800000000001,57.37760000000001,60.555699999999995,bullish,bullish,bearish,36.3319270504616
2020-07-15,58.92,59.35,58.03,58.14,13470200,0.0,0,57.761999999999965,57.60799999999999,57.25250000000002,57.42380000000001,60.53119999999999,bullish,bullish,bearish,39.51058372771088
2020-07-16,58.19,59.04,58.04,58.88,15063200,0.0,0,58.197999999999965,57.72099999999999,57.26300000000002,57.475600000000014,60.510249999999985,bullish,bullish,bearish,45.01596183174516
2020-07-17,59.2,60.37,59.15,60.21,22950800,0.0,0,58.685999999999964,57.952,57.34050000000002,57.59220000000001,60.49664999999998,bullish,bullish,bearish,52.53965278943234
2020-07-20,60.0,60.17,59.32,59.42,12127600,0.0,0,59.00399999999998,58.175,57.46100000000003,57.68880000000001,60.48329999999998,bullish,bullish,bearish,56.607594478612825
2020-07-21,59.57,60.38,59.38,59.69,15108000,0.0,0,59.26799999999997,58.448,57.56700000000003,57.76860000000001,60.47054999999998,bullish,bullish,bearish,60.33733017953694
2020-07-22,59.42,60.83,58.84,60.61,14847100,0.0,0,59.76199999999998,58.762,57.748000000000026,57.871600000000015,60.45809999999999,bullish,bullish,bullish,63.31632840396127
2020-07-23,60.59,61.11,60.32,60.68,19138700,0.0,0,60.12199999999998,59.15999999999999,57.95850000000003,57.98580000000002,60.44719999999998,bullish,bullish,bullish,65.99028719787886
2020-07-24,60.8,61.42,59.94,60.28,17698500,0.0,0,60.13599999999998,59.41099999999999,58.184000000000026,58.10140000000002,60.43719999999998,bullish,bullish,bearish,68.71959575824084
2020-07-27,60.3,60.34,59.12,59.55,11319300,0.0,0,60.16199999999998,59.582999999999984,58.40250000000002,58.190600000000025,60.422049999999984,bullish,bullish,bearish,70.83247746463496
2020-07-28,59.4,60.96,59.35,60.45,18896000,0.0,0,60.31399999999998,59.79099999999998,58.61400000000002,58.31240000000002,60.411749999999984,bullish,bullish,bullish,73.08513999201234
2020-07-29,60.56,60.89,60.28,60.73,9102800,0.0,0,60.33799999999998,60.04999999999999,58.82900000000002,58.39520000000002,60.403999999999975,bullish,bullish,bullish,75.80640289982148
2020-07-30,60.29,60.74,59.99,60.73,12737900,0.0,0,60.34799999999998,60.23499999999999,58.97800000000002,58.496600000000015,60.39824999999998,bullish,bullish,bullish,77.59798535920439
2020-07-31,60.57,60.99,59.98,60.83,12114000,0.0,0,60.45799999999997,60.29699999999999,59.12450000000001,58.594000000000015,60.39399999999998,bullish,bullish,bullish,79.27324418916635
2020-08-03,60.79,60.8,59.85,60.17,9651900,0.0,0,60.58199999999997,60.37199999999999,59.27350000000001,58.68940000000001,60.38574999999998,bullish,bullish,bearish,80.22860639118696
2020-08-04,60.13,61.1,59.98,60.83,20831800,0.0,0,60.65799999999997,60.48599999999999,59.467000000000006,58.78580000000001,60.38004999999998,bullish,bullish,bullish,81.59400800279519
2020-08-05,60.96,61.0,59.81,60.05,11829300,0.0,0,60.52199999999997,60.429999999999986,59.596000000000004,58.85920000000001,60.36939999999998,bullish,bullish,bearish,82.17074085611353
2020-08-06,59.99,60.5,59.68,60.4,13788000,0.0,0,60.45599999999996,60.40199999999999,59.781000000000006,58.92620000000001,60.359299999999976,bullish,bullish,bullish,82.26790987444355
2020-08-07,60.16,61.73,60.15,61.49,15471100,0.0,0,60.587999999999965,60.52299999999999,59.967000000000006,58.98120000000001,60.35329999999997,bullish,bullish,bullish,83.33361569452019
2020-08-10,61.69,61.95,61.27,61.47,10604300,0.0,0,60.84799999999997,60.714999999999996,60.149000000000015,59.02660000000001,60.34594999999997,bullish,bullish,bullish,84.2122956756714
2020-08-11,61.54,61.66,59.98,60.14,25498000,0.0,0,60.709999999999965,60.68399999999999,60.237500000000026,59.031400000000005,60.330899999999964,bullish,bullish,bearish,82.96845464098936
2020-08-12,60.32,61.42,60.3,61.01,17285300,0.0,0,60.901999999999965,60.71199999999999,60.381000000000014,59.04580000000001,60.323399999999964,bullish,bullish,bullish,83.15656846609033
2020-08-13,60.76,61.04,60.44,60.91,15813600,0.0,0,61.00399999999998,60.72999999999998,60.482500000000016,59.043800000000005,60.31969999999997,bullish,bullish,bullish,83.53055580094816
2020-08-14,60.78,60.86,60.22,60.38,8668300,0.0,0,60.78199999999997,60.68499999999998,60.49100000000002,59.053000000000004,60.31304999999997,bullish,bullish,bullish,84.03354318973244
2020-08-17,60.43,60.83,60.07,60.3,9510200,0.0,0,60.54799999999998,60.69799999999998,60.53500000000001,59.04540000000001,60.30324999999996,bullish,bullish,bearish,83.53700244568643
2020-08-18,60.26,60.5,59.72,60.03,12147300,0.0,0,60.525999999999975,60.617999999999974,60.55200000000001,58.999800000000015,60.29039999999996,bearish,bullish,bearish,81.12785342536829
2020-08-19,60.18,60.21,59.74,60.1,4535586,0.0,0,60.34399999999998,60.622999999999976,60.52650000000001,58.98060000000001,60.278699999999965,bearish,bullish,bearish,78.92183495627768
